# phpMyAdmin SQL Dump
# version 2.5.4
# http://www.phpmyadmin.net
#
# Хост: udb4571.centre.ru
# Время создания: Авг 30 2014 г., 18:16
# Версия сервера: 4.1.19
# Версия PHP: 4.3.11
# 
# БД : `udb4571`
# 
CREATE DATABASE `udb4571`;
USE udb4571;

# --------------------------------------------------------

#
# Структура таблицы `as_board`
#

CREATE TABLE `as_board` (
  `id` int(11) NOT NULL auto_increment,
  `person_id` int(11) NOT NULL default '0',
  `name` varchar(60) NOT NULL default '',
  `email` varchar(40) default NULL,
  `pdate` timestamp NOT NULL default CURRENT_TIMESTAMP on update CURRENT_TIMESTAMP,
  `memo` blob,
  `visibled` enum('Y','N') default 'N',
  PRIMARY KEY  (`id`)
) ENGINE=MyISAM DEFAULT CHARSET=cp1251 AUTO_INCREMENT=275 ;

#
# Дамп данных таблицы `as_board`
#

INSERT INTO `as_board` (`id`, `person_id`, `name`, `email`, `pdate`, `memo`, `visibled`) VALUES (72, 3, 'Алексей', 'alex_nikol_man@mail.', '2009-08-24 00:00:00', 0xd3f7e8ebf1ff20e220f8eaeeebe520e220e3f0f3efefe520f120323820ece0ff2032303039e32e0d0ad1efe0f1e8e1ee20c2e8eaf2eef0f320cfe5f2f0eee2e8f7f320e7e020eff0e5eaf0e0f1edfbe520ede0e2fbeae820e2eee6e4e5ede8ff210d0ac1fbebee20eef7e5edfc20e820eef7e5edfc20f2f0f3e4edee2c20edee20e2f1e520e6e520fdf2ee20eff0eee8e7eef8ebee2c20e220e3eef0eee4e520efeef0eefe20eff0e8f5eee4e8f2f1ff20ede5f1ebe0e4eaee2c20e2eef220f1e5e3eee4edff20ede020efeee4fae5ece520f120f0f3f7ede8eae020f2f0eee3e0ebf1ff2820ede5eff0e0e2e8ebfcedee20efeee2e5f0edf3eb292c20ece0f8e8ede020eef2eae0f2fbe2e0e5f2f1ff2e2e2e2e2e2e2e0d0ac2f0f3e1e8eb20f0f3f7ede8ea20e3e0e7f320e820e2f1e520efeeebf3f7e8ebeef1fc21212121210d0ac4e0e6e520e820ede520e7e0e4f3ece0ebf1ff20eae0ea20e820f7f2ee20edf3e6edee20e4e5ebe0f2fc2c20ebe8f8fc20efeef1ebf3f8e0eb20f0e5e220e4e2e8e3e0f2e5ebff20e820e2f1e5212121210d0ac5f9e520f0e0e720f1efe0f1e8e1ee210d0ac820f1e0eceee520e3ebe0e2edeee520efe5f0e2fbe920e4e5edfc20ede020f0e0e1eef2f320e5f5e0eb20e820e2f1f2f0e5f2e8eb20f1e2eee5e3ee20e8edf1f2f0f3eaf2eef0e020ede020efeee2eef0eef2e521c1fbebee20f2e0ea20eaebe0f1edee2022cfe5f2f0eee2e8f7f320eff0eef1e8e3ede0ebe8f2fc21220d0acfeeeae020f7f2ee20e2eee4e8f2fc20f2f0f3e4edeee2e0f2ee2c20edee20ecede520edf0e0e2e8f2f1ff2c20e820f7e5ec20f2f0f3e4ede5e520f2e5ec20e8edf2e5f0e5f1ede5e521, 'Y');
INSERT INTO `as_board` (`id`, `person_id`, `name`, `email`, `pdate`, `memo`, `visibled`) VALUES (30, 25, 'Дарья Ю', 'dyu@ya.ru', '2007-11-09 00:00:00', 0xddf2ee20ede5f1eeecede5ededee20ebf3f7f8e8e920e8edf1f2f0f3eaf2eef020efee20e2eee6e4e5ede8fe21212120c3eef0e6f3f1fc20f2e5ec2c20f7f2ee20eee1f3f7e0ebe0f1fc20e8ece5ededee20f320ede5e3ee21212120, 'Y');
INSERT INTO `as_board` (`id`, `person_id`, `name`, `email`, `pdate`, `memo`, `visibled`) VALUES (69, 21, 'Оксана', '020484@mail.ru', '2009-07-04 00:00:00', 0xc7e0ece5f7e0f2e5ebfcedfbe920e8edf1f2f0f3eaf2eef0292929292920d1eee2e5f2f3fe20e2f1e5ec20f3f7e8f2fcf1ff20f320ede5e3ee2929292929, 'Y');
INSERT INTO `as_board` (`id`, `person_id`, `name`, `email`, `pdate`, `memo`, `visibled`) VALUES (70, 17, 'милашка', 'mila-grishina@yandex', '2009-07-31 00:00:00', 0xf1efeeeaeee9edfbe920eff0e5efeee4e0e2e0f2e5ebfc2ceef7e5edfc20e3f0e0eceef2edee20e820efeeedfff2edee20eff0eee2eee4e8f220e7e0edfff2e8e520efee20e2eee6e4e5ede8fe2eeee4e5ebe020eaeef0eef2eaf3fe20fee1eaf32ce020eeed20edeeebfc20e2ede8ece0ede8ff2ce2e5f1fc20e220eff0eef6e5f1f1e520eee1f3f7e5ede8ff2ee220f1ebe5e4f3fef9e8e920f0e0e720eff0e8e4f320e1e5e720fee1eae82e, 'Y');
INSERT INTO `as_board` (`id`, `person_id`, `name`, `email`, `pdate`, `memo`, `visibled`) VALUES (26, 22, 'Михаил', 'm43@ya.ru', '2007-04-25 00:00:00', 0xe4eef1f2eee8ed20f3e2e0e6e5ede8ff20, 'Y');
INSERT INTO `as_board` (`id`, `person_id`, `name`, `email`, `pdate`, `memo`, `visibled`) VALUES (27, 1, 'Зарубин А.С', 'flasch94', '2007-04-27 00:00:00', 0xd1f7e8f2e0fe20cbe0e7e0f0e5e2e020c82ec220ebf3f7f8e8ec20eff0e5efeee4e0e2e0f2e5ebe5ec20e820e8edf1f2f0f3eaf2eef0eeec20efee20e2eee6e4e5ede8fe20e220e0e2f2eef8eaeeebe52ed1efe0f1e8e1ee20e2e0ec2e, 'Y');
INSERT INTO `as_board` (`id`, `person_id`, `name`, `email`, `pdate`, `memo`, `visibled`) VALUES (29, 24, 'Терёхина Екатерина Викторовна', 'www.kety778@mail.ru', '2007-11-06 00:00:00', 0xcef2ebe8f7edfbe920eff0e5efeee4e0e2e0f2e5ebfc2c20f1efeef1eee1ede0ff20e4eef1f2f3efedee20e2f1b820eee1fafff1ede8f2fc2e20d1efe0f1e8e1ee21, 'Y');
INSERT INTO `as_board` (`id`, `person_id`, `name`, `email`, `pdate`, `memo`, `visibled`) VALUES (28, 23, 'Дарья Ю', 'dyu@yandex.ru', '2007-09-11 00:00:00', 0xcde8eaf2ee20e4f0f3e3eee920ede520f1eceee6e5f220eee1f3f7e8f2fc20f2e5eef0e8e820f1f2eeebfc20efeeedfff2edfbec20ffe7fbeaeeec2c20eae0ea20cde0e4e5e6e4e020c0ede0f2eeebfce5e2ede02e20d1efe0f1e8e1ee21, 'Y');
INSERT INTO `as_board` (`id`, `person_id`, `name`, `email`, `pdate`, `memo`, `visibled`) VALUES (32, 25, 'Дашка', 'duchess', '2007-11-26 00:00:00', 0xcef7e5edfc20f2eeebeaeee2fbe920e8edf1f2f0f3eaf2eef02c20f1efeeeaeee9edfbe920e820e2e5e6ebe8e2fbe93be2f1e5e3e4e020eff0e8f1ebf3f8e8e2e0e5f2f1ff20ea20eff0eef1fce1e0ec20f3f7e5ede8eaeee22120cde0f3f7e8f220e2eee4e8f2fc20e4e0e6e520ece0ede5eae5ed21212129, 'Y');
INSERT INTO `as_board` (`id`, `person_id`, `name`, `email`, `pdate`, `memo`, `visibled`) VALUES (33, 23, 'Василий', 'василий@mail.ru', '2008-01-02 00:00:00', 0xd5ecec2e2e2e20ff20e4f3ece0fe20fdf2eef220e8edf1f2f0f3eaf2eef020ede0f1f2eeebfceaee20e4eef1f2f3efedee20eee1f3f7e0e5f220ebfee4e5e920f2e5eef0e8e820e820e2eee6e4e5ede8fe2cf7f2ee20f320ece5edff20ede5f220eaeeecece5edf2e0f0e8e5e22e20cceee3f320f2eeebfceaee20efeee7e4f0e0e2e8f2fc20cde0e4e5e6e4f320c0ede0f2eeebfce5e2edf320f12020cdeee2fbec20e3eee4eeec212121, 'Y');
INSERT INTO `as_board` (`id`, `person_id`, `name`, `email`, `pdate`, `memo`, `visibled`) VALUES (36, 23, 'Иван Иванович', 'иван@mail.ru', '2008-05-06 00:00:00', 0xd1efe0f1e8e1ee20e1eeebfcf8eee52c20e2fb20f1e0ecfbe920ebf3f7f8e8e920e8edf1f2f0f3eaf2eef020cde0e4e5e6e4e020c0ede0f2eeebfce5e2ede021, 'Y');
INSERT INTO `as_board` (`id`, `person_id`, `name`, `email`, `pdate`, `memo`, `visibled`) VALUES (37, 26, 'курсантка', 'valll08@rambler.ru', '2008-05-14 00:00:00', 0xcbf3f7f8e5e3ee20f3f7e8f2e5ebff20eff0eef1f2ee20ede520ede0e9f2e821c2fb20eff0eef1f2ee20ece0f1f2e5f02cc4ece8f2f0e8e921, 'Y');
INSERT INTO `as_board` (`id`, `person_id`, `name`, `email`, `pdate`, `memo`, `visibled`) VALUES (38, 24, ' Юлия', 'slepova85@mail.ru', '2008-05-19 00:00:00', 0xcef2ebe8f7edfbe920eff0e5efeee4e0e2e0f2e5ebfc2c20e2f1e520e4eef1f2f3efedee20eee1fff1edffe5f22e20d1efe0f1e8e1ee20e1eeebfcf8eee520e7e020e7e0edfff2e8ff21, 'Y');
INSERT INTO `as_board` (`id`, `person_id`, `name`, `email`, `pdate`, `memo`, `visibled`) VALUES (39, 3, ' Юлия', 'slepova85@mail.ru', '2008-05-19 00:00:00', 0xc2e8eaf2eef020cfe5f2f0eee2e8f720e2f1e520e7e0ece5f7e0f2e5ebfcedee20eee1fafff1edffe5f22c20e5f1ebe820e820f0f3e3e0e5f2f1ff2c20f2ee20f2eeebfceaee20efee20e4e5ebf32e, 'Y');
INSERT INTO `as_board` (`id`, `person_id`, `name`, `email`, `pdate`, `memo`, `visibled`) VALUES (40, 26, 'Антон', 'civilrus@mail.ru', '2008-05-26 00:00:00', 0xcef2ebe8f7edfbe920ece0f1f2e5f02e20c2f1e5e3e4e020efeeeceee6e5f220e5f1ebe820f7f2ee20ede520efeeebf3f7e0e5f2f1ff2e20c2f1e5ec2c20eaf2ee20e2fbe1f0e0eb20f8eaeeebf320ddebe5eaf2f0eeed203230303020f1eee2e5f2f3fe20e8e4f2e820f2eeebfceaee20ea20c4ece8f0e8fe20c2e0f1e8ebfce5e2e8f7f321212121212121, 'Y');
INSERT INTO `as_board` (`id`, `person_id`, `name`, `email`, `pdate`, `memo`, `visibled`) VALUES (41, 22, 'Антон', 'civilrus@mail.ru', '2008-05-26 00:00:00', 0xcef2ebe8f7edee20eee1fafff1ede5e5f220f2e5eef0e8f2f2e8f7e5f1eaf3fe20f7e0f1f2fc2e20cde020fdeae7e0ece5ede520e1ebe0e3eee4e0f0ff20e5e3ee20e7e0edfff2e8ffec20f1ebeee6edeef1f2e5e920ede520e2eee7ede8eaebee2e, 'Y');
INSERT INTO `as_board` (`id`, `person_id`, `name`, `email`, `pdate`, `memo`, `visibled`) VALUES (42, 26, 'Антон', 'civilrus@mail.ru', '2008-05-28 00:00:00', 0xcef2ebe8f7edfbe920e8edf1f2f0f3eaf2eef02e20cfeee1eeebfcf8e520e1fb20f2e0eae8f5, 'Y');
INSERT INTO `as_board` (`id`, `person_id`, `name`, `email`, `pdate`, `memo`, `visibled`) VALUES (43, 3, 'XXXXX', '12@mail.ru', '2008-06-06 00:00:00', 0xcff0eef1f2ee20eaebe0f1f1edfbe920e8edf1f2f0f3eaf2eef0, 'Y');
INSERT INTO `as_board` (`id`, `person_id`, `name`, `email`, `pdate`, `memo`, `visibled`) VALUES (44, 26, 'Алексей У.', 'hitman-fox@ya.ru', '2008-07-04 00:00:00', 0xcef2ebe8f7edfbe920e8edf1f2f0f3eaf2eef02c20f5eef0eef8ee20eee1f3f7e0e5f220e2eee6e4e5ede8fe2c20f1efeeeaeee9edfbe92e2e2e20efee20e1eeebfcf8e520e1fb20f2e0eae8f520e8edf1f2f0f3eaf2eef0eee22120caf2ee20e8e4e5f220f3f7e8f2fcf1ff20e220e0e2f2eef8eaeeebf32022ddebe5eaf2f0eeed2032303030222c20e7e0efe8f1fbe2e0e9f2e5f1fc20e8ece5ededee20ea20fdf2eeecf320e8edf1f2f0f3eaf2eef0f32c20ede520efeee6e0ebe5e5f2e521, 'Y');
INSERT INTO `as_board` (`id`, `person_id`, `name`, `email`, `pdate`, `memo`, `visibled`) VALUES (45, 23, 'Поляков Николай', 'nikolay64skre@mail.r', '2008-07-04 00:00:00', 0xcde0e4e5e6e4e020c0ede0f2eeebfce5e2ede020eef2ebe8f7edee20eff0e5efeee4e0e5f220f2e5eef0e8fe2ec1ebe0e3eee4e0f0ff20e5e920ff20f5eef0eef8ee20e7ede0fe20eff0e0e2e8ebe020e4eef0eee6edeee3ee20e4e2e8e6e5ede8ff2e0d0ac1eeebfcf8eee520e5e920f1efe0f1e8e1ee2e, 'Y');
INSERT INTO `as_board` (`id`, `person_id`, `name`, `email`, `pdate`, `memo`, `visibled`) VALUES (46, 24, 'Викор Пальгов', 'Lavr-man@yandex.ru', '2008-07-15 00:00:00', 0xcef7e5edfc20f5eef0eef8e8e920f3f7e8f2e5ebfc2c20e3f0e0eceef2edee20e820efeeedfff2edee20eee1fcfff1edffe5f22e2e2e21212120, 'Y');
INSERT INTO `as_board` (`id`, `person_id`, `name`, `email`, `pdate`, `memo`, `visibled`) VALUES (47, 21, 'Виктор Пальгов', 'Lavr-man@yandex.ru', '2008-07-15 00:00:00', 0xd3f7e8f2e5ebfc20eff0eef1f2ee20f1f3efe5f02c20e3f0e0eceef2edee20e82028f1e0eceee520e3ebe0e2edeee52920f1efeeeaeee9edee20eee1fcfff1edffe5f220e820efeeeae0e7fbe2e0e5f220eae0ea20e2f1e520f2e0eae820e2eee4e8f2fc292929292e2e2e20c820efee20f1ebf3f5e0ec20e820e8e720f1e2eee8f520e2e2eee4eee220e1e5e7f3f1ebeee2edee20cdeef1eee220c2ebe0e4e8ece8f020c2e8eaf2eef0eee2e8f720ebf3f7f8e8e920f3f7e8f2e5ebfc20eff0e0eaf2e8eae820e220c0e2f2ee2df8eaeeebe52022ddebe5eaf2f0eeed2220e820ece0f1f2e5f020f1e2eee5e3ee20e4e5ebe0212121, 'Y');
INSERT INTO `as_board` (`id`, `person_id`, `name`, `email`, `pdate`, `memo`, `visibled`) VALUES (48, 19, 'анастасия', 'kuzmina.anastasiya@l', '2008-10-03 00:00:00', 0xdf20f3e2e5f0e5edede020f7f2ee20e2fb20eef7e5edfc20f5eef0eef8e8e920eff0e5e4efeee4eee2e0f2e5ebfc, 'Y');
INSERT INTO `as_board` (`id`, `person_id`, `name`, `email`, `pdate`, `memo`, `visibled`) VALUES (49, 25, 'Илья Силкин', '3axep@rambler.ru', '2008-11-13 00:00:00', 0xc4e8ece02c20f2e5e1e520f0e5f1efe5eaf22121212120c1ebe0e3eee4e0f0ff20f2e5e1e520ff20f3e2e5f0e5ededee20f1e5e1ff20f7f3e2f1f2e2f3fe20ede020e4eef0eee3e0f521, 'Y');
INSERT INTO `as_board` (`id`, `person_id`, `name`, `email`, `pdate`, `memo`, `visibled`) VALUES (50, 24, 'Илья Силкин', '3axep@rambler.ru', '2008-11-14 00:00:00', 0xc5ebe5ede020c2ebe0e4e8ece8f0eee2ede02c20e1ebe0e3eee4e0f0ff20c2e0f8e8ec20e7e0edfff2e8ffec20ff20eceee3f320e220ebfee1eeec20f1eef1f2eeffede8e820eef2e2e5f2e8f2fc20ede020ebfee1eee920e2eeeff0eef120e8e720cfc4c4, 'Y');
INSERT INTO `as_board` (`id`, `person_id`, `name`, `email`, `pdate`, `memo`, `visibled`) VALUES (51, 22, 'Полина', 'polina-filipenkova@y', '2008-12-22 00:00:00', 0xcee3f0eeecedeee520f1efe0f1e8e1ee20c2ebe0e4e8ece8f0f320c2ebe0e4e8ece8f0eee2e8f7f320e7e020f2f0f3e42c20c2fb20eff0eef1f2ee20e7e0ece5f7e0f2e5ebfcedfbe920eff0e5efeee4e0e2e0f2e5ebfc21212120d5eef7f320efeee6e5ebe0f2fc20c2e0ec20f1f7e0f1f2fcff20e820e7e4eef0eee2fcff20e220cdeee2eeec203230303920e3eee4f32121212121, 'Y');
INSERT INTO `as_board` (`id`, `person_id`, `name`, `email`, `pdate`, `memo`, `visibled`) VALUES (52, 17, 'Полина', 'polina-filipenkova@y', '2008-12-22 00:00:00', 0xcbf3f7f8e5e3ee20eff0e5efeee4e0e2e0f2e5ebff20efee20e2eee6e4e5ede8fe20eff0eef1f2ee20ede520ede0e9f2e82120d5eef7f320efeee1ebe0e3eee4e0f0e8f2fc20c2ebe0e4e8ece8f0e020c2ebe0e4e8ece8f0eee2e8f7e020e7e020efeeede8ece0ede8e520e820f2f0f3e42c20f1efe0f1e8e1ee20c2e0ec20eee3f0eeecedeee5212121, 'Y');
INSERT INTO `as_board` (`id`, `person_id`, `name`, `email`, `pdate`, `memo`, `visibled`) VALUES (53, 2, 'Artem', 'dragondreamer@mail.r', '2009-01-18 00:00:00', 0xcef2ebe8f7edfbe920e8edf1f2f0f3eaf2eef0203d290d0ad5eef2fc20e820efeee2fbf8e0e5f220e3eeebeef120eaeee3e4e020f2fb2c20f7f2ee20f2ee20ede520f2e0ea20e4e5ebe0e5f8fc202c20edee20fdf2ee20e8e4e5f220ede020efeeebfce7f329, 'Y');
INSERT INTO `as_board` (`id`, `person_id`, `name`, `email`, `pdate`, `memo`, `visibled`) VALUES (54, 24, 'Лилёк', 'lika2812@yandex.ru', '2009-01-29 00:00:00', 0xc5ebe5ede020c2ebe0e4e8ece8f0eee2ede02121212120c2fb20eff0eef1f2ee20f1f3efe5f02121212120d1efe0f1e8e1ee20c2e0ec20e1eeebfcf8eee521212120c2fb20e4e5e9f1f2e2e8f2e5ebfcedee20e4e0e5f2e520e7ede0ede8ff21, 'Y');
INSERT INTO `as_board` (`id`, `person_id`, `name`, `email`, `pdate`, `memo`, `visibled`) VALUES (56, 23, 'Ефимов Игорь Владимирович', 'igoref69@mail.ru', '2009-02-27 00:00:00', 0xd7e5f0eae0f8e8ede020cde0e4e5e6e4e020c0ede0f2eeebfce5e2ede020e7e0ece5f7e0f2e5ebfcedfbe920eff0e5efeee4e0e2e0f2e5ebfc20efee20f2e5eef0e8e82e0d0acee1fafff1edffe5f22020eff0eef1f2ee2c20e4eef5eee4f7e8e2ee2c20e1fbf1f2f0ee2c20e3f0e0eceef2edee20e820f7b8f2eaee2e200d0a, 'Y');
INSERT INTO `as_board` (`id`, `person_id`, `name`, `email`, `pdate`, `memo`, `visibled`) VALUES (57, 25, 'Игорь', 'igoref69@mail.ru', '2009-02-27 00:00:00', 0xd1e2e8f2eae8ed20c4ece8f2f0e8e920d1e2e5f2eef1ebe0e2eee2e8f720ede5f1eeecede5ededee20eee4e8ed20e8e720ebf3f7f8e8f520ece0f1f2e5f0eee220efee20eff0e0eaf2e8f7e5f1eaeeecf320e2eee6e4e5ede8fe20e0e2f2eeeceee1e8ebff2e0d0ad5e0f0e0eaf2e5f020eee1f3f7e5ede8ff20f1efeeeaeee9edfbe92c20eef1edeee2e0f2e5ebfcedfbe920e820e3f0e0eceef2edfbe92e0d0acfee20eceee5ecf320eeed20eceee6e5f220ede0f3f7e8f2fc20e4e0e6e52022e1ebeeede4e8edeeea220d0aca20ede5ecf320ff20efeeefe0eb20f3e6e520efee20f0e5eaeeece5ede4e0f6e8e820e820ede520f1eaeeebfceaee20eee120fdf2eeec20ede520e6e0ebe5fe2e0d0ac4ece8f2f0e8e920eceeebeee4e5f62120d2e0ea20e4e5f0e6e0f2fc21, 'Y');
INSERT INTO `as_board` (`id`, `person_id`, `name`, `email`, `pdate`, `memo`, `visibled`) VALUES (58, 25, 'Селина Ксения', 'selina_kseniya@mail.', '2009-03-02 00:00:00', 0xc4ece8f2f0e8e92debf3f7f8e8e920e8edf1f2f0f3eaf2eef02121212121d1e0ecee20f1efeeeaeee9f1f2e2e8e520e820e4eee1f0eee6e5ebe0f2e5ebfcedeef1f2fc212121c6e5ebe0fe20f2e5e1e520efeee1eeebfcf8e520f5eef0eef8e8f520f3f7e8ede8eaeee22c20f7f2ee20e1fb20eeede820e2eeeee1f9e520ede520f1e1e8e2e0ebe820f1f2eeebe1e8eae820ede020e4e2eef0e8eae0f521212121, 'Y');
INSERT INTO `as_board` (`id`, `person_id`, `name`, `email`, `pdate`, `memo`, `visibled`) VALUES (59, 2, 'Анютка', 'nikolichka08@rambler', '2009-03-04 00:00:00', 0xc7e0ece5f7e0f2e5ebfcedfbe920efe5e4e0e3eee321212129292929292920c2f1e5e3e4e020efeee4ede8ece5f220ede0f1f2f0eee5ede8e52cefeeedfff2edee20e2f1b820eee1fafff1edffe5f220e820e5e7e4e8f2fc20f120fdf2e8ec20f7e5ebeee2e5eaeeec20f1eee2f1e5ec20ede520f1f2f0e0f8edee2929290d0a0d0a502e732e20cde8eaeee3e4e020ede520e7e0e1f3e4f320eff0e8eaeeeb20eff0ee20eef2eeefebe5ede8e520e4eef0eee32929292920, 'Y');
INSERT INTO `as_board` (`id`, `person_id`, `name`, `email`, `pdate`, `memo`, `visibled`) VALUES (60, 23, 'Максим', 'mibolas@mail.ru', '2009-03-19 00:00:00', 0xcbf3f7f8e8e920eff0eeefeee4eee2e0f2e5ebfc20f2e5eef0e82e20caf2ee20f5eef7e5f220e7ede0f2fc20f2e5eef0e8fe20ede020f3f0e0202c20eceee920f1eee2e5f2202d20e8e4e8f2e520ea20fdf2eeecf320eff0e5efeee4eee2e0f2e5ebfe2c20eeed20c2e0f120eee1f3f7e8f220f2e5eef0e8e820e1e5e720f2f0f3e4edeef1f2e5e92e20d1efe0f1e8e1ee20c2e0ec20e1eeebfcf8eee520cde0e4e5e6e4e020c0ede0f2eeebfce5ede2e020e7e020f2ee2c20f7f2ee20c2fb20f2e0ea20e4eef1f2f3efedee20e2f1e520eee1fafff1edffebe82021, 'Y');
INSERT INTO `as_board` (`id`, `person_id`, `name`, `email`, `pdate`, `memo`, `visibled`) VALUES (61, 3, 'Татьяна', 'zevsi@parkour64.info', '2009-03-27 00:00:00', 0xc2e8eaf2eef020cfe5f2f0eee2e8f720eff0eef1f2ee20d3c4c8c2c8d2c5cbdccddbc920e8edf1f2f0f3eaf2eef021, 'Y');
INSERT INTO `as_board` (`id`, `person_id`, `name`, `email`, `pdate`, `memo`, `visibled`) VALUES (62, 2, 'Анютка', 'nikolichka08@rambler', '2009-03-31 00:00:00', 0xd1f3efe5f0f1eae8e9eff0e5efeee4e0e2e0f2e5ebfc21212120caebe0f1f1edee20eff0e5efeee4e0e5f220e820f120f7f3e2f1f2e2eeec20feeceef0e0292929290d0a0d0a502e732e20cde8eaeee3e4e020ede520e7e0e1f3e4f320eff0e8eaeeeb20eff0ee20eef2eeefebe5ede8e520e4eef0eee3292929, 'Y');
INSERT INTO `as_board` (`id`, `person_id`, `name`, `email`, `pdate`, `memo`, `visibled`) VALUES (63, 22, 'Анютка', 'nikolichka08@rambler', '2009-03-31 00:00:00', 0xd5eef0eef8e8e920efe5e4e0e3eee32120cee1fafff1edffe5f220eeeeeeeef720efeeedfff2edee2c20f7e5f0e5e720efeeeb20e3eee4e020e2f1b820efeeecede8ebe02c20f22eea2e20eee1f3f7e0ebe0f1fc20e7e020efeeeb20e3eee4e020e4ee31382c20edee20eae0e6e4f3fe20efe0f0f320ede0f7e8ede0e5f220f120f0e0f1f1eae0e7eee22c20f7f2ee20eeed20eee1fae5f5e0eb20e2f1fe20c5e2f0eeeff3203a444444, 'Y');
INSERT INTO `as_board` (`id`, `person_id`, `name`, `email`, `pdate`, `memo`, `visibled`) VALUES (64, 19, 'Юлия.', 'UkosUkos@gmail.com', '2009-04-20 00:00:00', 0xcbe5e220d1f2e5efe0edeee2e8f720f2e0eaeee920e8edf1f2f0f3eaf2eef0202d20efeee420f0f3eaeee2eee4f1f2e2eeec20eaeef2eef0eee3ee20f0e5e0ebfcedee20ede0f3f7e8f2fcf1ff20e2eee4e8f2fc20e0e2f2eeeceee1e8ebfc20f120edf3ebff2120d3f7e8f220e3f0e0eceef2edee2c20eae0f7e5f1f2e2e5ededee2c20eaeef0f0e5eaf2edee20e820f7f2ee20eef1eee1e5ededee20e2e0e6edee202d20f120e4f3f8eee92120c7ede0e5f220e3e4e520eff0e8ece5ede8f2fc20ece5f2eee420eaedf3f2e02c20e020e3e4e520eff0ffede8eae029292920cfeef1ebe520e5e3ee20eaf3f0f1eee220ede020fdeae7e0ece5ede520e220c3c8c1c4c420ede520f1f2fbe4edee210d0acbf3f7f8e8e920e8edf1f2f0f3eaf2eef02120, 'Y');
INSERT INTO `as_board` (`id`, `person_id`, `name`, `email`, `pdate`, `memo`, `visibled`) VALUES (65, 24, 'Юлия.', 'UkosUkos@gmail.com', '2009-04-20 00:00:00', 0xc5ebe5ede020c2ebe0e4e8ece8f0eee2ede0202d20eef2ebe8f7edfbe920eff0e5efeee4e0e2e0f2e5ebfc2120cde020e5b820e7e0edfff2e8fff520e2f1e5e3e4e020e8edf2e5f0e5f1edee2120c4e5e9f1f2e2e8f2e5ebfcedee20e4e0e5f220e7ede0ede8ff2c20eee1fafff1edffe5f220e2f1b820eff0e5e4e5ebfcedee20fff1edee21200d0ac6e0ebfc2c20f7f2ee20e8e72de7e020efeee3eee4edfbf520f3f1ebeee2e8e920ede520f3f1efe5ebe820efeee8e3f0e0f2fc20e220f2f0e0ece2e0e9f7e8eae820e820e1e5e7f0e5ebfcf1eee2fbe920f2f0e0edf1efeef0f220ede020f3ebe8f6e5202929292929292929292929290d0a, 'Y');
INSERT INTO `as_board` (`id`, `person_id`, `name`, `email`, `pdate`, `memo`, `visibled`) VALUES (66, 23, 'екатерина д.', 'kosh-saratov@bk.ru', '2009-06-01 00:00:00', 0xeef7e5edfc20e4eee2eeebfcede020eff0e5efeee4e0e2e0ede8e5ec2c20f0e0e7e6e5e2fbe2e0e5f2f1ff20e2f1e520efeeeff3ebfff0edee2121212121212121212121212121, 'Y');
INSERT INTO `as_board` (`id`, `person_id`, `name`, `email`, `pdate`, `memo`, `visibled`) VALUES (67, 26, 'Алексей', 'fingakilla@rambler.r', '2009-06-16 00:00:00', 0xc2eef220f2e0eaeee920e8edf1f2f0f3eaf2eef0da202d20e2f1e520e8e4e8f2e52020ea20ede5ecf32c20ede0f3f7e8f220e2f1e5ecf320f7f2ee20ede0e4ee20ede020f0e5e0ebfcedeee920e4eef0eee3e52e, 'Y');
INSERT INTO `as_board` (`id`, `person_id`, `name`, `email`, `pdate`, `memo`, `visibled`) VALUES (68, 30, 'Екатерина Демидкова', 'kosh-saratov@bk.ru', '2009-06-30 00:00:00', 0x20c220e2eef1f2eef0e3e520eef220cbeee3e8edeee2e020c2ebe0e4e8ece8f0e020c0ebe5eaf1e5e5e2e8f7e02c20eff0e5eaf0e0f1edfbe920eff0e5efeee4e0e2e0f2e5ebfc2c20e2f1e520e4eef1f2f3efedee2c20efeeedfff2edee2c20ede0f3f7e8f220e5e7e4e8f2fc20313030252c20ede520eaf0e8f7e8f22ce220ece5f0f320f1f2f0eee3e8e92c20e2f1e520ea20ede5ecf3212121212121212121212121, 'Y');
INSERT INTO `as_board` (`id`, `person_id`, `name`, `email`, `pdate`, `memo`, `visibled`) VALUES (71, 26, 'Алексей', 'ha_aleksey@list.ru', '2009-08-04 00:00:00', 0xcef2ebe8f7edfbe920e8edf1f2f0f3eaf2eef02ceff0eef4f4e5f1e8eeede0eb2e, 'Y');
INSERT INTO `as_board` (`id`, `person_id`, `name`, `email`, `pdate`, `memo`, `visibled`) VALUES (73, 25, 'Сергей Багин', 'Serega_356@mail.ru', '2009-08-27 00:00:00', 0xd1eae0e7e0f2fc20f5eef7e5f2f1ff20ecedeee3eee52c20edee20e5f1ebe820eaeef0eef2eaee2c20f2ee202d20cec3d0cecccdcec520d1cfc0d1c8c1ce21212120c1ebe0e3eee4e0f0ff20c4ece8f2f0e8fe20ff20f3e2e5f0e5ededee20f7f3e2f1f2e2f3fe20f1e5e1ff20ede020e4eef0eee3e52e20c4ece8edf2f0e8e920ede520eff0eef1f2ee20f3f7e8f220eee1f3f7e0e5f220e2eee6e4e5ede8fe2c20eeed20f3f7e8f220f7f3e2f1f2e2eee2e0f2fc20ece0f8e8edf32c20eff0e0e2e8ebfcedee20f1eceef2f0e5f2fc20e2eeeaf0f3e32c20eff0e5e4f3e3e0e4fbe2e0f2fc20f0e0e7e2e8f2e8e520eee1f1f2e0edeee2eae82e2e2e20cff0e8f7e5ec20e4e5ebe0f2fc20fdf2ee20e2f1b820e1e5e720ebe8f8ede8f520f3f1e8ebe8e92c20f1e2eee1eee4edee2e2e2e20c5f9b820f0e0e7202d20cec3d0cecccdcec520d1cfc0d1c8c1ce20e2f1e5ecf320eaeeebebe5eaf2e8e2f320e0e2f2eef8eaeeebfb20e820ebe8f7edee20c4ece8f2f0e8fe21, 'Y');
INSERT INTO `as_board` (`id`, `person_id`, `name`, `email`, `pdate`, `memo`, `visibled`) VALUES (74, 19, 'вавилов никита', 'salut90@mail.ru', '2009-09-10 00:00:00', 0xeef2ebe8f7edfbe920e8edf1f2f0f3eaf2eef02c20f120eaeef2eef0fbec20ebe5e3eaee20ede0e9f2e820eee1f9e8e920ffe7fbea212121, 'Y');
INSERT INTO `as_board` (`id`, `person_id`, `name`, `email`, `pdate`, `memo`, `visibled`) VALUES (75, 23, 'Анастасия', 'nastenkapr@mail.ru', '2009-09-24 00:00:00', 0xcde0e4e5e6e4e020c0ede0f2eeebfce5e2ede020f1e0ecfbe920ebf3f7f8e8e920eff0e5efeee4e0e2e0f2e5ebfc2120f1efe0f1e8e1ee20e2e0ec20eee3f0eeecedeee53a29, 'Y');
INSERT INTO `as_board` (`id`, `person_id`, `name`, `email`, `pdate`, `memo`, `visibled`) VALUES (76, 18, 'Анастасия', 'nastenkapr@mail.ru', '2009-09-24 00:00:00', 0xc0ede0f2eeebe8e920c3f0e8e3eef0fce5e2e8f720eee1fafff1edffe5f220e2f1e520efeeedfff2edee20e820e4eef1f2f3efedee2120cde0f3f7e8f220e5e7e4e8f2fc20ebfee1eee3ee21, 'Y');
INSERT INTO `as_board` (`id`, `person_id`, `name`, `email`, `pdate`, `memo`, `visibled`) VALUES (77, 18, 'Даниил', 'danilasun@mail.ru', '2009-09-29 00:00:00', 0xeef7e5edfc20f5eef0eef8e8e920eff0e5efeee4e0e2e0f2e5ebfc2c20e2f1e520e4eef1f2f3efedee2c20e3f0e0eceef2edee20e820f7e5f2eaee2120, 'Y');
INSERT INTO `as_board` (`id`, `person_id`, `name`, `email`, `pdate`, `memo`, `visibled`) VALUES (78, 30, 'Анастасия', 'nastenkapr@mail.ru', '2009-09-29 00:00:00', 0xd1f3efe5f0f1eae8e920eff0e5efeee4e0e2e0f2e5ebfc20e820eef7e5edfc20f5eef0eef8e8e920f7e5ebeee2e5ea212121212120c8e720eae0e6e4eee3ee20f1e4e5ebe0e5f220d8f3ece0f5e5f0e02929, 'Y');
INSERT INTO `as_board` (`id`, `person_id`, `name`, `email`, `pdate`, `memo`, `visibled`) VALUES (79, 3, 'Буров Артём', 'artyom-burov@yandex.ru', '2009-10-07 00:00:00', 0xf1efe0f1e8e1ee20e7e020eee1f3f7e5ede8e521, 'Y');
INSERT INTO `as_board` (`id`, `person_id`, `name`, `email`, `pdate`, `memo`, `visibled`) VALUES (80, 23, 'Юлия Сорокина', 'uvsor@mail.ru', '2009-10-27 00:00:00', 0xcff0eef4e5f1f1e8eeede0eb20f1e2eee5e3ee20e4e5ebe02cf2e0ebe0edf2ebe8e2fbe920f7e5ebeee2e5ea20e820eff0e5efeee4e0e2e0f2e5ebfc2de1ebe0e3eee4e0f0ff20c2e0ec20cde0e4e5e6e4e020c0ede0f2eeebfce5e2ede02cff20eef2ebe8f7edee20f1f2e0ebe020efeeede8ece0f2fc20cfc4c4212121d1efe0f1e8e1ee20eef2e4e5ebfcedeee520e2e0ec2c20e7e020ede5f0e0e2edeee4f3f8edeee520eef2edeef8e5ede8e520ea20ebfee4ffec20e82020e4e0ededfbe920e2eee2f0e5ecff20f1eee2e5f22e2e2ee820efeee4e4e5f0e6eaf320e220e2fbe1eef0e520f1e0eceee3ee20ebf3f7f8e5e3ee20e8edf1f2f0f3eaf2eef0e020efee20e2eee6e4e5ede8fe20e220e3eef0eee4e521212121cef7e5edfc20eff0e8fff2edee20e1fbebee20f3f7e8f2fcf1ff20f32020c2e0f121, 'Y');
INSERT INTO `as_board` (`id`, `person_id`, `name`, `email`, `pdate`, `memo`, `visibled`) VALUES (81, 30, 'Юлия Сорокина', 'uvsor@mail.ru', '2009-10-31 00:00:00', 0xcde0f1f2eefff9e8e920eff0eef4e5f1f1e8eeede0eb20f1e2eee5e3ee20e4e5ebe02ceaebe0f1f1edfbe920e2eee4e8f2e5ebfc20e820f2e0ebe0edf2ebe8e2fbe920eff0e5efeee4e0e2e0f2e5ebfc2cf3ece5fef9e8e920efe5f0e5e4e0f2fc20f1e2eee820e7ede0ede8ff212121d120f7f3e2f1f2e2eeec20feeceef0e02ce4eee1f0fbe92ce8edf2e5ebebe8e3e5edf2edfbe92cf2e5f0efe8ecfbe920ea20f1e2eee8ec20f3f7e5ede8eae0ec20eff0e5efeee4e0e2e0f2e5ebfc212121cfeef1ebe520e7e0edfff2e8e920f120c2ebe0e4e8ece8f0eeec20c0ebe5eaf1e5e5e2e8f7e5ec20f0e5e0ebfcedee20f1e4e0f2fc20fdeae7e0ece5ed20e220c3c0c820f1e0eceef1f2eefff2e5ebfcedee212121cef7e5edfc20e1ebe0e3eee4e0f0ede020f1e2eee5ecf320ede0f1f2e0e2ede8eaf32cefeee1eeebfcf8e520e1fb20f2e0eae8f520e220e6e8e7ede820e2f1f2f0e5f7e0f2fc212121212121, 'Y');
INSERT INTO `as_board` (`id`, `person_id`, `name`, `email`, `pdate`, `memo`, `visibled`) VALUES (82, 26, 'леонид', 'leo_ermolov@mail.ru', '2009-11-07 00:00:00', 0xc4ece8f2f0e8e920c2e0f1e8ebfce5e2e8f7202d20e7e0ece5f7e0f2e5ebfcedfbe920e8edf1f2f0f3eaf2eef02e20df20f0e0e42c20f7f2ee20eceeff20f1f3e4fce1e020f1ebeee6e8ebe0f1fc20e8ece5ededee20f2e0ea2c20f7f2ee20ff20efeeefe0eb20ea20ede5ecf320e220e3f0f3efeff32e20ceed20e2f1e520e4eef1f2f3efedee20e820f7e5f2eaee20eee1fafff1edffe5f2202d20f7f2ee20f7f3e2f1f2e2f3e5f8fc20ece0f8e8edf320eae0ea20e6e8e2f3fe2120e020e5f9e520eeed20eff0eef1f2ee20f5eef0eef8e8e920e820f3ecedfbe920f7e5ebeee2e5ea2120f1efe0f1e8e1ee20c2e0ec2c20c4ece8f2f0e8e920c2e0f1e8ebfce5e2e8f72120, 'Y');
INSERT INTO `as_board` (`id`, `person_id`, `name`, `email`, `pdate`, `memo`, `visibled`) VALUES (83, 22, 'Александр', 'kinap23@mail.ru', '2009-11-09 00:00:00', 0xc8edf2e5f0e5f1edee2c20efeeedfff2edee20f0e0f1f1eae0e7fbe2e0e5f220f2e5eef0e8fe2e20cceeebeee4e5f62e, 'Y');
INSERT INTO `as_board` (`id`, `person_id`, `name`, `email`, `pdate`, `memo`, `visibled`) VALUES (84, 2, 'Александр', 'Kinap23@mail.ru', '2009-11-09 00:00:00', 0xcaeef1e5edeaee20d1e5f0e3e5e920cde8eaeeebe0e5e2e8f720f5eef0eef8e8e920e8edf1f2f0f3eaf2eef02c20f1efeeeaeee9edfbe92c20f5eef0eef8ee20eee1fafff1edffe5f220f7f2ee20e820eae0ea20edf3e6edee20e4e5ebe0f2fc2e20ccede520e1fbebee20eff0e8fff2edee20eee1f3f7e0f2fcf1ff20f320d1e5f0e3e5ff20cde8eaeeebe0e5e2e8f7e02e, 'Y');
INSERT INTO `as_board` (`id`, `person_id`, `name`, `email`, `pdate`, `memo`, `visibled`) VALUES (85, 23, 'светлана', 'gorshenina.84@mail.ru', '2010-01-15 00:00:00', 0xcef7e5edfc20f5eef0eef8e8e920eff0e5efeee4e0e2e0f2e5ebfc2ec1eeebfcf8eee520f1efe0f1e8e1ee20c2e0ec20e7e020e2e0f820eff0eef4e5f1f1e8eeede0ebe8e7ec20212121212121212121212121212121212121212121212121212020202020, 'Y');
INSERT INTO `as_board` (`id`, `person_id`, `name`, `email`, `pdate`, `memo`, `visibled`) VALUES (86, 19, 'Lemur2117', 'Lemur2117@yandex.ru', '2010-01-17 00:00:00', 0xcbe5e220d1f2e5efe0edeee2e8f7202d20eef2ebe8f7edfbe920efe5e4e0e3eee32c20eff0eef4e820e220f1e2eeb8ec20e4e5ebe520e820eff0eef1f2ee20f5eef0eef8e8e920f7e5ebeee2e5ea2120c4e0e920e1eee320e5ecf320e7e4eef0eee2fcff212121, 'Y');
INSERT INTO `as_board` (`id`, `person_id`, `name`, `email`, `pdate`, `memo`, `visibled`) VALUES (87, 24, 'Нестерова-Судакова Катерина', 'kim_nest@mail.ru', '2010-01-17 00:00:00', 0xcee1fafff1ede5ede8e520eff0e5efeee4e0e2e0f2e5ebff20e4eef1f2f3efedee20e820ede0f5eee4e8f2f1ff20ede020e2fbf1eeeaeeec20f3f0eee2ede52120cef7e5edfc20efeeedf0e0e2e8ebeef1fc2120c6e0ebfc20f7f2ee20eaf3f0f120eee1f3f7e5ede8ff20e4ebe8ebf1ff20f2e0ea20ece0ebee2120cce0e92032303039e32e, 'Y');
INSERT INTO `as_board` (`id`, `person_id`, `name`, `email`, `pdate`, `memo`, `visibled`) VALUES (88, 19, 'Нестерова-Судакова Катерина', 'Единственный инструктор, который учит во', '2010-01-17 00:00:00', 0xc5e4e8edf1f2e2e5ededfbe920e8edf1f2f0f3eaf2eef02c20eaeef2eef0fbe920f3f7e8f220e2eee6e4e5ede8fe2120d1efe0f1e8e1ee20c2e0ec2c20cbe5e220d1f2e5efe0edeee2e8f72120cce0e92032303039e32e, 'Y');
INSERT INTO `as_board` (`id`, `person_id`, `name`, `email`, `pdate`, `memo`, `visibled`) VALUES (89, 25, 'Т.Ася', 'Asia8865@yandex.ru', '2010-01-27 00:00:00', 0xc4ece8f2f0e8e920eef7e5edfc20f5eef0eef8e8e920e8edf1f2f0f3eaf2eef021d1efe0f1e8e1ee20e5ecf320e7e020f2e5f0efe5ede8e52ce1ebe0e3eee4e0f0ff20e5ecf320f2e5efe5f0fc20ff20e1f3e4f320f1e0ecfbec20ebf3f7f8e8ec20e2eee4e8f2e5ebe5ec20ede020e4eef0eee3e0f52e5265737065637420c4ece8f2f0e8fe21c020eaf2ee20f2eeebfceaee20f0e5f8e8eb20f1e5f1f2fc20e7e020f0f3ebfc20f1eee2e5f2f3fe20eee1f3f7e0f2fcf1ff20f320ede5e3ee2e, 'Y');
INSERT INTO `as_board` (`id`, `person_id`, `name`, `email`, `pdate`, `memo`, `visibled`) VALUES (90, 31, 'Lemur2117', 'Lemur2117@yandex.ru', '2010-01-29 00:00:00', 0xcef2ebe8f7edfbe920eff0e5efeee4e0e2e0f2e5ebfc21212120d1e5e3eee4edff20ff20f1e4e0ebe020fdeae7e0ece5ed20e220ccd0ddce21212120d1cfc0d1c8c1ce20e7e020fdeceef6e8eeede0ebfcedf3fe20efeee4e0f7f320ece0f2e5f0e8e0ebe02120c2fb2d20f1f3efe5f020eff0eef4e5f1f1e8eeede0eb212121, 'Y');
INSERT INTO `as_board` (`id`, `person_id`, `name`, `email`, `pdate`, `memo`, `visibled`) VALUES (92, 17, 'Виктория', 'vikkusik84@mail.ru', '2010-03-02 00:00:00', 0xcef2ebe8f7edfbe920eff0e5efeee4e0e2e0f2e5ebfc20e820eff0eef1f2ee20eef7e5edfc20f5eef0eef8e8e920f7e5ebeee2e5ea212121d1efe0f1e8e1ee20c2e0ec212121, 'Y');
INSERT INTO `as_board` (`id`, `person_id`, `name`, `email`, `pdate`, `memo`, `visibled`) VALUES (228, 3, 'Елена', 'sarrsute.ru', '2010-10-27 00:00:00', 0xd3e2e0e6e0e5ecfbe920c2e8eaf2eef020cfe5f2f0eee2e8f7210d0acff0f8ebee20313120ebe5f220f1ee20e4edff20eeeaeeedf7e0ede8ff20eee1f3f7e5ede8ff20e220e0e2f2eef8eaeeebe52c20edee20e4ee20f1e8f520efeef020f120eee3f0eeecedeee920e1ebe0e3eee4e0f0edeef1f2fcfe20e2f1efeeece8ede0e5ec20c2e0f8e820f3f0eeeae820e2eee6e4e5ede8ff2e0d0acde0f8ebe820ede020f1e0e9f2e520e8edf4eef0ece0f6e8fe20ee20f2eeec2c20f7f2ee20c2fb20e2e5e4e5f2e520e7e0edfff2e8ff2c20e820f1e5e9f7e0f120f1fbedf320f0e5eaeeece5ede4f3fe20f3f7e8f2fcf1ff20e2eee6e4e5ede8fe20f320c2e0f12e0d0ad1efe0f1e8e1ee20c2e0ec21, 'Y');
INSERT INTO `as_board` (`id`, `person_id`, `name`, `email`, `pdate`, `memo`, `visibled`) VALUES (227, 26, 'калякин дмитрий юрьевич', 'kalyakindmitrii@mail.ru', '2010-10-18 00:00:00', 0xeff0e8e2e5f220f2b8f1eae020f2e5e1e520e8e720e7e5ebe5edeee4eeebfcf1eae0, 'Y');
INSERT INTO `as_board` (`id`, `person_id`, `name`, `email`, `pdate`, `memo`, `visibled`) VALUES (226, 24, 'Марина', 'marishka175@rambler.ru', '2010-08-12 00:00:00', 0xc5ebe5ede020c2ebe0e4e8ece8f0eee2ede02cf2e0ea20eff0eef1f2ee20e820efeeedfff2edee20eee1fafff1edffe5f220f2e5eef0e8fe2cf7f2ee20f1e4e0f2fc20fdeae7e0ece5ed20ede820f1eef1f2e0e2e8f220ede8eae0eaeee3ee20f2f0f3e4e0292929292929d1efe0f1e8e1ee20c2e0ec292929292929292929, 'Y');
INSERT INTO `as_board` (`id`, `person_id`, `name`, `email`, `pdate`, `memo`, `visibled`) VALUES (225, 3, 'Марина', 'marishka175@rambler.ru', '2010-08-12 00:00:00', 0xcceee920cbfee1e8ecfbe920c8edf1f2f0f3eaf2eef0212121d1efe0f1e8e1ee20c2e0ec20e1eeebfcf8eee520e7e020f2ee2cf7e5ecf320c2fb20ede0f120ede0f3f7e8ebe82929292929, 'Y');
INSERT INTO `as_board` (`id`, `person_id`, `name`, `email`, `pdate`, `memo`, `visibled`) VALUES (230, 17, 'Наташа', 'natashen\'ka', '2010-11-29 00:00:00', 0xcbf3f7f8e520e8edf1f2f0f3eaf2eef0e020ede520ede0e9f2e82929292920eee1fafff1edffe5f220e2e5ebe8eaeeebe5efedee2c20e4e0e6e520e6e0ebfc20f7f2ee20e0e2f2eef8eaeeebf320e7e0eaeeedf7e8ebe029292929, 'Y');
INSERT INTO `as_board` (`id`, `person_id`, `name`, `email`, `pdate`, `memo`, `visibled`) VALUES (231, 17, 'Анюта', 'prozanna1634@rambler.ru', '2010-12-23 00:00:00', 0xd1e0ecfbe920ebf3f7f8e8e920e8edf1f2f0f3eaf2eef020e220ece8f0e52120cde0f3f7e8eb20e2eee4e8f2fc20f120edf3ebff2120d1e4e0ebe020fdeae7e0ece5ed20f120efe5f0e2eee3ee20f0e0e7e02929292920d1efe0f1e8e1ee20e2e0ec20eee3f0eeecedeee529292929, 'Y');
INSERT INTO `as_board` (`id`, `person_id`, `name`, `email`, `pdate`, `memo`, `visibled`) VALUES (232, 3, 'Яночка', 'Jana.ru_92@mail.ru', '2011-05-04 00:00:00', 0xc2ebe0e4e8ece8f020c2e8eaf2eef0eee2e8f7202d20f1e0ecfbe920ebf3f7f8e8e920e8edf1f2f0f3eaf2eef020e220ece8f0e52120, 'Y');
INSERT INTO `as_board` (`id`, `person_id`, `name`, `email`, `pdate`, `memo`, `visibled`) VALUES (233, 23, 'Виктория', 'SnegurkaV@yandex.ru', '2011-05-06 00:00:00', 0x3320e3eee4e020ede0e7e0e420eff0eef5eee4e8ebe020eee1f3f7e5ede8e520efee20f2e5eef0e8e820e820eff0e0eaf2e8eae520efeee420f0f3eaeee2eee4f1f2e2eeec20cde0e4e5e6e4fb20c0ede0f2eeebfce5e2edfb2e20d5eef7e5f2f1ff20eef2ece5f2e8f2fc20e5e520e2fbf1eeeae8e920eff0eef4e5f1f1e8eeede0ebe8e7ec2c20e4eef1f2f3efedeef1f2fc20e8e7fafff1ede5ede8e920e820e8ede4e8e2e8e4f3e0ebfcedfbe920efeee4f5eee420ea20eae0e6e4eeecf320f3f7e5ede8eaf320e3f0f3efeffb2e20c2fbf0e0e6e0fe20eee3f0eeecedf3fe20e1ebe0e3eee4e0f0edeef1f2fc20e7e020efeeebf3f7e5ededfbe520e7ede0ede8ff20e820ede0e2fbeae82e20cae0e6e4eee520e7e0edfff2e8e520e1fbebee20efeef2f0fff1e0fef9e8ec2120d1efe0f1e8e1ee21, 'Y');
INSERT INTO `as_board` (`id`, `person_id`, `name`, `email`, `pdate`, `memo`, `visibled`) VALUES (223, 3, 'Дмитрий', 'hood.85@mail.ru', '2010-07-08 00:00:00', 0xc4e5e9f1f2e2e8f2e5ebfcedee20eff0eef4e5f1f1e8eeede0ebfcedfbe920e8edf1f2f0f3eaf2eef02c20ede0f3f7e8eb20e5e7e4e8f2fc20e820efeeede8ece0f2fc20e0e2f2eeeceee1e8ebfc2e0d0a, 'Y');
INSERT INTO `as_board` (`id`, `person_id`, `name`, `email`, `pdate`, `memo`, `visibled`) VALUES (222, 24, 'Дмитрий', 'hood.85@mail.ru', '2010-07-08 00:00:00', 0xc1ebe0e3eee4e0f0ff20c2e0ec2c20f1e4e0eb20fdeae7e0ece5ed20e220ccd0ddce20e1e5e720e5e4e8edeee920eef8e8e1eae821, 'Y');
INSERT INTO `as_board` (`id`, `person_id`, `name`, `email`, `pdate`, `memo`, `visibled`) VALUES (221, 17, 'татьяна', 'ulitinatn@gmail.com', '2010-07-08 00:00:00', 0xc2ebe0e4e8ece8f020c2ebe0e4e8ece8f0eee2e8f7202d20cef7e5edfc20f2f0e5e1eee2e0f2e5ebfcedfbe92c20eef7e5edfc20f1f2f0eee3e8e92c20edee20eff0e820fdf2eeec20eef7e5edfc20f1eef7f3e2f1f2e2f3fef9e8e92c20f7e5ebeee2e5f7edfbe920e820efeeede8ece0fef9e8e92e20d1efe0f1e8e1ee21, 'Y');
INSERT INTO `as_board` (`id`, `person_id`, `name`, `email`, `pdate`, `memo`, `visibled`) VALUES (220, 22, 'татьяна', 'ulitinatn@gmail.com', '2010-07-08 00:00:00', 0xc2ebe0e4e8ece8f020c2ebe0e4e8ece8f0eee2e8f720eef7e5edfc20e7e0ece5f7e0f2e5ebfcedfbe920eff0e5efeee4e0e2e0f2e5ebfc2120cef7e5edfc20e8edf2e5f0e5f1edee20e820e7e0f5e2e0f2fbe2e0fef9e520f0e0f1f1eae0e7fbe2e0e5f22c20eff0e8f7e5ec20ede520f2eeebfceaee20f2e5eef0e8fe2c20edee20e820f1ebf3f7e0e820e8e720e6e8e7ede82120c4e0e5f220eff0e0eaf2e8f7e5f1eae8e520f1eee2e5f2fb20efee20efeee2eee4f320e3f0e0eceef2edeee3ee20e820e1e5e7eeefe0f1edeee3ee20e2eee6e4e5ede8ff2e20d1efe0f1e8e1ee212121, 'Y');
INSERT INTO `as_board` (`id`, `person_id`, `name`, `email`, `pdate`, `memo`, `visibled`) VALUES (219, 19, 'Ольга', 'Oljazai@mail.ru', '2010-06-25 00:00:00', 0xcbe5e220d1f2e5efe0edeee2e8f720f1e0ecfbe920ebf3f7f8e8e920e8edf1f2f0f3eaf2eef02e20cee3f0eeecedeee520f1efe0f1e8e1ee2c20ff20e2e0ec20eef7e5edfc20e1ebe0e3eee4e0f0ede02e, 'Y');
INSERT INTO `as_board` (`id`, `person_id`, `name`, `email`, `pdate`, `memo`, `visibled`) VALUES (218, 31, 'светлана', 'sostlana@mail.ru', '2010-05-05 00:00:00', 0xe1eeebfcf8eee520f1efe0f1e8e1ee20e7e020e7ede0ede8ff20f2e5eef0e8e820e2eee6e4e5ede8ff2ceaeef2eef0fbe520e2fb20e4ee20ece5edff20e4eeede5f1ebe8212121e4e5e9f1f2e2e8f2e5ebfcedee20e5f1ebe820eae0e6e4fbe920e4e5edfc20f5eee4e8f2fc20ede020e7e0edfff2e8ff2cf2e5eef0e8fe20eceee6edee20f1e4e0f2fc20e4eef1f2e0f2eef7edee20f1efeeeaeee9edee2e292929e2f1e5ec20f1eee2e5f2f3fe20fdf2eee3ee20eff0e5efeee4e0e2e0f2e5ebff2e2e2e2ef7e5f2eaee2cfff1edee20e820efeeedfff2edee21f3f7e8f2e520eff0e0e2e8ebe02ce820e1f3e4fcf2e520e0eaeaf3f0e0f2edfb20ede020e4eef0eee3e52e2e2e2e, 'Y');
INSERT INTO `as_board` (`id`, `person_id`, `name`, `email`, `pdate`, `memo`, `visibled`) VALUES (216, 31, 'Любовь', 'lyubakadry@mail.ru', '2010-04-27 00:00:00', 0xc8e2e0ed20c2e5ede5e4e8eaf2eee2e8f7202d20eef2ebe8f7edfbe920eff0e5efeee4e0e2e0f2e5ebfc2e20cef7e5edfc20e1ebe0e3eee4e0f0ede020e5ecf320e7e020e2f1e52e, 'Y');
INSERT INTO `as_board` (`id`, `person_id`, `name`, `email`, `pdate`, `memo`, `visibled`) VALUES (217, 21, 'светлана', 'sostlana@mail.ru', '2010-05-05 00:00:00', 0xf1efe0f1e8e1ee20e7e020e2f0e5ecff20e820e2ede8ece0ede8e52cf3e4e5ebffe2f8e5e5f1ff20ede020eff0eef2ffe6e5ede8e820e2f1e5e3ee20eee1f3f7e5ede8ff2e21d1eee3ebe0f1ede020f120eff0e5e4fbe4f3f9e8ece820eef2e7fbe2e0ece82ceff0e5efeee4e0e2e0f2e5ebfc20eef7e5edfc20f1efeeeaeee9edfbe920e820f3f0eee2edeee2e5f8e0ededfbe92ceee1fafff1edffe5f220e2f1e520fff1edee20e820efeeedfff2edee2e292929f3f7e8f2e520f2e5eef0e8fe20e820eff0e0eaf2e8eaf32cfdf2ee20ede520f2e0ea20f3e620e820f1ebeee6edee292929, 'Y');
INSERT INTO `as_board` (`id`, `person_id`, `name`, `email`, `pdate`, `memo`, `visibled`) VALUES (215, 3, 'Любовь', 'lyubakadry@mail.ru', '2010-04-27 00:00:00', 0xc2e8eaf2eef020cfe5f2f0eee2e8f720eef7e5edfc20f5eef0eef8e8e920e8edf1f2f0f3eaf2eef02e20c7e020e2f1e520e2f1e5ecff20eee1f3f7e5ede8ff20ede820eae0efe5ebfceae820ede520efeee6e0ebe5ebe02c20f7f2ee20efeef8ebe020e8ece5ededee20ea20ede5ecf32e20d1efe0f1e8e8e8e8e1ee20e2e0ec20eee3f0eeecedeee521212120, 'Y');
INSERT INTO `as_board` (`id`, `person_id`, `name`, `email`, `pdate`, `memo`, `visibled`) VALUES (229, 26, 'Никита', 'www.Barbos1992@yandex.ru', '2010-10-28 00:00:00', 0xcef2ebe8f7edfbe920e8edf1f2f0f3eaf2eef02120e2f1e520eae0ea20edf3e6edee20f0e0f1f1eae0e6e5f22120eee1fafff1ede8f22c20ede0f3f7e8f22920cef7e5edfc20e4eee1f0fbe92120d7e5ebeee2e5ea20f120f7f3e2f1f2e2eeec20feeceef0e0292929, 'Y');
INSERT INTO `as_board` (`id`, `person_id`, `name`, `email`, `pdate`, `memo`, `visibled`) VALUES (234, 21, 'Яночка', 'Jana.ru_92@mail.ru', '2011-05-15 00:00:00', 0xc2ebe0e4e8ece8f020c2e8eaf2eef0eee2e8f7202d20f1e0ecfbe920ebf3f7f8e8e920e8edf1f2f0f3eaf2eef020e220ece8f0e5210d0a, 'Y');
INSERT INTO `as_board` (`id`, `person_id`, `name`, `email`, `pdate`, `memo`, `visibled`) VALUES (235, 31, 'Яночка', 'Jana.ru_92@mail.ru', '2011-05-15 00:00:00', 0xc8e2e0ed20c2e5ede5e4e8eaf2eee2e8f7202d20eef7e5edfc20f5eef0eef8e8e920eff0e5efeee4e0e2e0f2e5ebfc2c20efe5f0e5e6e8e2e0eb20e7e020ede0f120e1eeebfcf8e520f7e5ec20ecfb20f1e0ece82c20efeee4e4e5f0e6e8e2e0eb20e2ee20e2f1e5ec2c20f2e5eef0e8fe20e2e5eb20e8edf2e5f0e5f1edee2c20f1ee20e2f1ffeae8ece820eff0e8e5ece0ece820ede020e7e0efeeece8ede0ede8e52c20efeefdf2eeecf320e1fbebee20ebe5e3f7e520eef1e2eee8f2fc20eff0eee3f0e0ececf3292e20c1ebe0e3eee4e0f0ede020e2e0ec20e7e020e2f1e52e20cee3f0eeecedeee520f1efe0f1e8e1ee21, 'Y');
INSERT INTO `as_board` (`id`, `person_id`, `name`, `email`, `pdate`, `memo`, `visibled`) VALUES (236, 3, 'Антон', '342092009@rambler.ru', '2011-05-27 00:00:00', 0xc2e8eaf2eef020cfe5f2f0eee2e8f72c20f1efe0f1e8e1ee20e2e0ec20e7e020f2ee20f7f2ee20e2fb20eef2ebe8f7edee20eee1f3f7e8ebe820ece5edff20e5e7e4e520ede020ece0f8e8ede521212120c2f1e5ec20d1eee2e5f2f3fe20e8e4f2e820ea20fdf2eeecf320e8edf1f2f0f3eaf2eef0f321212120ede520eaeee3e4e020ede5e7e0e1f3e4f320e5e3ee20eff0e8eaeeebfb202c20f7f2ee20f2ee20f2e8efe02021d2db20d7c520cacec7d320c4cec8d8dc212121202020202020d1e5e3eee4edff20ff20e1ebe0e3eeefeeebf3f7edee20f1e4e0eb20fdeae7e0ece5ed20e220ecf0fdee292920f1efe0f1e8e1ee20e2e0ec212121, 'Y');
INSERT INTO `as_board` (`id`, `person_id`, `name`, `email`, `pdate`, `memo`, `visibled`) VALUES (237, 19, 'Navlad', 'exxidna@mail.ru', '2011-06-22 00:00:00', 0xcbe5e220d1f2e5efe0edeee2e8f72c20c2fb20f1e0ecfbe920ebf3f7f8e8e920e820f2eeebeaeee2fbe920eff0e5efeee4e0e2e0f2e5ebfc20e2eee6e4e5ede8ff21212120c2f1e5ec20f0e5eaeeece5ede4f3fe20e7e0efe8f1fbe2e0f2fcf1ff20ea20ede5ecf32c20e2fb20ede520efeee6e0ebe5e5f2e52120cef7e5edfc20e3f0e0eceef2edee20e820f2eeebeaeee2ee20f0e0f1f1eae0e7fbe2e0e5f220e6e5edf1eaeee920efeeebeee2e8ede520e2f1e520f2eeedeaeef1f2e820e820edfee0edf1fb20efe5f0e5eaebfef7e5ede8e92df1f6e5efebe5ede8e92deee1eef0eef2eee220292929200d0acec3d0cecccdcec520c2c0cc20d1cfc0d1c8c1ce212121, 'Y');
INSERT INTO `as_board` (`id`, `person_id`, `name`, `email`, `pdate`, `memo`, `visibled`) VALUES (238, 23, 'Мария', 'mariya8-89@mail.ru', '2011-08-25 00:00:00', 0xd1e0ecfbe920ebf3f7f8e8e920eff0e5efeee4e0e2e0f2e5ebfc20e220ece8f0e529, 'Y');
INSERT INTO `as_board` (`id`, `person_id`, `name`, `email`, `pdate`, `memo`, `visibled`) VALUES (263, 24, 'матасова юлия владимировна', 'julia.matasova1973', '2013-10-04 00:00:00', 0xcef1f2e0ebe8f1fc20f2eeebfceaee20f1e0ecfbe520f5eef0eef8e8e520e2eef1efeeece8ede0ede8ff2deef2ebe8f7ede0ff20e4f0f3e6e5f1eae0ff20e0f2eceef1f4e5f0e020ede020e7e0edfff2e8fff52e20d1efe0f1e8e1ee21, 'Y');
INSERT INTO `as_board` (`id`, `person_id`, `name`, `email`, `pdate`, `memo`, `visibled`) VALUES (240, 26, 'Ирина', 'trofirina70@mail.ru', '2011-10-08 00:00:00', 0xd1e0ecfbe920ebf3f7f8e8e920e220ece8f0e520e8edf1f2f0f3eaf2eef020e820eff0eef1f2ee20e7e0ece5f7e0f2e5ebfcedfbe9, 'Y');
INSERT INTO `as_board` (`id`, `person_id`, `name`, `email`, `pdate`, `memo`, `visibled`) VALUES (241, 24, 'Северус Снегг', 'lotus19-88@mail.ru', '2011-10-12 00:00:00', 0xcef7e5edfc20e4f3f8e5e2edfbe920eff0e5efeee4e0e2e0f2e5ebfc2e, 'Y');
INSERT INTO `as_board` (`id`, `person_id`, `name`, `email`, `pdate`, `memo`, `visibled`) VALUES (242, 17, 'наталья', 'kycherova_nataliya8909@bk.ru', '2011-10-25 00:00:00', 0xeef7e5edfc20f5eef0eef8e8e920e8edf1f2f0f3eaf2eef0, 'Y');
INSERT INTO `as_board` (`id`, `person_id`, `name`, `email`, `pdate`, `memo`, `visibled`) VALUES (243, 31, 'Александр', 'kmp.2010@yandex.ru', '2011-11-13 00:00:00', 0xc8e2e0ed20c2e5ede5e4e8eaf2eee2e8f7202d20f5eef0eef8e8e920eff0e5efeee4e0e2e0f2e5ebfc2c20eef7e5edfc20e1fbf1f2f0ee20f120ede8ec20e2f1b820eff0eef8ebe820e820e2f1b820ede0f3f7e8ebe8f1fc2e20c3f0e0eceef2edee20eee1fafff1edffe5f22c20efeeeceee3e0e5f220e7e0efeeecede8f2fc20f1ebeee6edfbe520eceeece5edf2fb2e20c4eee1f0fbe920e820f5eef0eef8e8e920f7e5ebeee2e5ea29, 'Y');
INSERT INTO `as_board` (`id`, `person_id`, `name`, `email`, `pdate`, `memo`, `visibled`) VALUES (244, 19, 'Александр', 'kmp.2010@yandex.ru', '2011-11-13 00:00:00', 0xc4eee1f0fbe920e820f5eef0eef8e8e920f7e5ebeee2e5ea2c20eef7e5edfc20f5eef0eef8ee20f3f7e8f22022f7f3e2f1f2e2eee2e0f2fc2220e0e2f2eeeceee1e8ebfc, 'Y');
INSERT INTO `as_board` (`id`, `person_id`, `name`, `email`, `pdate`, `memo`, `visibled`) VALUES (245, 23, 'Марина', 'mara258@yandex.ru', '2011-12-16 00:00:00', 0xd1e0ecfbe920ebf3f7f8e8e920eff0e5efeee4e0e2e0f2e5ebfc2e20c4ee20f1e8f520efeef020e2f1efeeece8ede0fe20e5b820eee1f3f7e5ede8e5, 'Y');
INSERT INTO `as_board` (`id`, `person_id`, `name`, `email`, `pdate`, `memo`, `visibled`) VALUES (246, 17, 'Олег Светличный', 'olegsvsar@rambler.ru', '2011-12-27 00:00:00', 0xcff0e5efeee4e0e2e0f2e5ebfc20eef7e5edfc20f5eef0eef8e8e92e20c820eee1fafff1edffeb20e4eef5eee4f7e8e2ee2c20e820e7e0edfff2e8ff20e8edf2e5f0e5f1edee20eff0eef5eee4e8ebe82e20c220eee1f9e5ec20c2ebe0e4e8ece8f020c2ebe0e4e8ece8f0eee2e8f720f1eef1f2eefff2e5ebe5ed20eae0ea20eff0e5efeee4e0e2e0f2e5ebfc20e820eff0e8fff2e5ed20eae0ea20f7e5ebeee2e5ea2e20c1eeebfcf8eee520e5ecf320f1efe0f1e8e1ee210d0a, 'Y');
INSERT INTO `as_board` (`id`, `person_id`, `name`, `email`, `pdate`, `memo`, `visibled`) VALUES (247, 34, 'Олег Светличный', 'olegsvsar@rambler.ru', '2011-12-27 00:00:00', 0xd1e0ecfbe920ebf3f7f8e8e92120d7e5ebeee2e5ea20e2e5e6ebe8e2fbe920e820e4eee1f0fbe920e4f3f8eee92c20ece0f1f2e5f020f1e2eee5e3ee20e4e5ebe02e20d120f3e2e0e6e5ede8e5ec20ea20eae0e6e4eeecf320f3f7e5ede8eaf320e4e5ebe0e5f220f1e2eeb820e4e5ebee2e20cee3f0eeecedeee520f1efe0f1e8e1ee20e7e020e8edf2e5f0e5f1edfbe520ebe5eaf6e8e82e, 'Y');
INSERT INTO `as_board` (`id`, `person_id`, `name`, `email`, `pdate`, `memo`, `visibled`) VALUES (248, 19, 'Эльвира', 'ELVIRAPAGS@yandex.ru', '2012-01-27 00:00:00', 0xcbe5e220d1f2e5efe0edeee2e8f720f1e0ecfbe920ebf3f7f8e8e920eff0e5efeee4eee2e0f2e5ebfc2e20cef7e5edfc20e4eee1f0fbe920e820e2e5f1e5ebfbe920f7e5ebeee2e5ea2e20d1cfc0d1c8c1ce20c2c0cc20c1cecbdcd8cec5212121, 'Y');
INSERT INTO `as_board` (`id`, `person_id`, `name`, `email`, `pdate`, `memo`, `visibled`) VALUES (249, 17, 'IFuser', 'murede@gmail.com', '2012-03-13 00:00:00', 0xcef7e5edfc20eaebe0f1f1edfbe920ece0f1f2e5f02e20cfe0f0e0ebebe5ebfcedee20f120e2eee6e4e5ede8e5ec20f0e0e7e1e8f0e0e5f220e2f1e520e2eee7eceee6edfbe520e2e0f0e8e0edf2fb20f1eee1fbf2e8e92e, 'Y');
INSERT INTO `as_board` (`id`, `person_id`, `name`, `email`, `pdate`, `memo`, `visibled`) VALUES (255, 17, 'Вадим', 'vadim.godzhik@mail.ru', '2013-05-01 00:00:00', 0xcee3f0eeecedeee520f1efe0f1e8e1ee20c2ebe0e4e8ece8f0f320c2ebe0e4e8ece8f0eee2e8f7f32c20ede0f3f7e8eb20f3eff0e0e2ebfff2fc20e0e2f2eeeceee1e8ebe5ec20f120edf3ebff2c20e4e0eb20ecedeee3ee20efeeebe5e7edfbf520e820edf3e6edfbf520f1eee2e5f2eee220e4ebff20ede0f7e8ede0fef9e5e3ee20e2eee4e8f2e5ebff2c20e4eee2eeebe5ed20e2f1e5ec212121200d0a502e532e20cfeee420e3f0e0eceef2edfbec20f0f3eaeee2eee4f1f2e2eeec20c2ebe0e4e8ece8f0e020c2ebe0e4e8ece8f0eee2e8f7e020f3eff0e0e6ede5ede8e52022fdf1f2e0eae0e4e02220e4e0ebe0f1fc20ecede520e7e020313520ece8edf3f220e8203320efeeeffbf2eae82c20ede020fdeae7e0ece5ede520f1e4e0eb20e1e5e720eff0eee1ebe5ec21, 'Y');
INSERT INTO `as_board` (`id`, `person_id`, `name`, `email`, `pdate`, `memo`, `visibled`) VALUES (256, 32, 'Вадим', 'vadim.godzhik@mail.ru', '2013-05-01 00:00:00', 0xcff0eef4e5f1f1e8eeede0eb20e820e3f0e0eceef2edfbe920f0f3eaeee2eee4e8f2e5ebfc20eef2ebe8f7edeee920eaeeece0ede4fb202d20fdf2ee20ebe8f8fc20ece0ebe0ff20f7e0f1f2fc20f2eee3ee2c20f7f2ee20eceee6edee20f1eae0e7e0f2fc20eff0ee20e4e8f0e5eaf2eef0e020c0e2f2eef8eaeeebfb2e2020d1efe0f1e8e1ee20c8f0e8ede520cbfce2eee2ede520e7e020eae0f7e5f1f2e2e5ededeee520e820e1fbf1f2f0eee520eee1f3f7e5ede8e52e, 'Y');
INSERT INTO `as_board` (`id`, `person_id`, `name`, `email`, `pdate`, `memo`, `visibled`) VALUES (257, 26, 'Антон', 'firstbillions@gmail.com', '2013-05-02 00:00:00', 0xd1f0e0e2ede8f2fc20ede520f120eae5ec2c20edee20ff20e4f3ece0fe20e820e1e5e720fdf2eee3ee20efeeedfff2edee2dcae0ebffeae8ed20c42ec22e2deaebe0f1f1edfbe920e8edf1f2f0f3eaf2eef02120d1efeeeaeee9edee20e820e2edfff2edee20eee1fafff1edffe5f220e2f1b82c20f7f2ee20edf3e6edee2c20f3f7e8f220ede520efee20eaede8e6eae52c20e020efee20f1eee1f1f2e2e5ededeeecf320eeeffbf2f32de3eef2eee2e8f220ea20f1f3f0eee2eee920e0e2f2eee4eef0eee6edeee920f0e5e0ebfcedeef1f2e82e20cee4ede8ec20f1ebeee2eeec2df0e0e42c20f7f2ee20efeeefe0eb20e8ece5ededee20ea20fdf2eeecf320e8edf1f2f0f3eaf2eef0f32e20c4ee20fdf2eee3ee20ede520e8ece5eb20eeeffbf2e020e2eee6e4e5ede8ff20e0e2f2eeeceee1e8ebff2df1eff3f1f2ff20ede5e4e5ebfe20f7f3e2f1f2e2eee2e0eb20f1e5e1ff20e7e020f0f3ebb8ec2c20eae0ea20f0fbe1e020e220e2eee4e52120d1efe0f1e8e1ee212121, 'Y');
INSERT INTO `as_board` (`id`, `person_id`, `name`, `email`, `pdate`, `memo`, `visibled`) VALUES (261, 32, 'Галина и Анастасия', 'anastasiafimyshkina@gmail.com', '2013-09-23 00:00:00', 0xd1efe0f1e8e1ee20e4e8f0e5eaf2eef0f320e0e2f2eef8eaeeebfb2cc8f0e8ede520cbfce2eee2ede52ce7e020eff0e5eaf0e0f1edee20eef0e3e0ede8e7eee2e0ededfbe920eff0eef6e5f1f120eee1f3f7e5ede8ff2c20e7e020eff0e0e2e8ebfcedee20e2fbe1f0e0ededf3fe20ece5f2eee4e8eaf320f0e0e1eef2fb202c20e7e020e3f0e0eceef2edeee520f1eee2ece5f9e5ede8e520eff0e0eaf2e8f7e5f1eaeee3ee20e820f2e5eef0e8f2e8f7e5f1eaeee3ee20eaf3f0f1e02e20d1efe0f1e8e1ee20e7e020efeeebf3f7e5ededfbe520e1e5f1f6e5ededfbe520e7ede0ede8ff20e820ede0e2fbeae820e2eee6e4e5ede8ff2e20c2e0e2f2eef8eaeeebe52022ddebe5f2f0eeed20323030302220efeeebf3f7e0e5f8fc20ede520f2eeebfceaee20eff0e0e2e02c20edee20e820f0e5e0ebfcedfbe520e7ede0ede8ff2e, 'Y');
INSERT INTO `as_board` (`id`, `person_id`, `name`, `email`, `pdate`, `memo`, `visibled`) VALUES (262, 26, 'Галина и Анастасия', 'anastasiafimyshkina@gmail.com', '2013-09-23 00:00:00', 0xc4ece8f2f0e8e920c2e0f1e8ebfce5e2e8f720eef2ebe8f7edfbe920e8edf1f2f0f3eaf2eef02e20d3f7e8f220e8ece5ededee20c2cec6c4c5cdc8de20cdc020c4ced0cec3c52e20c4e8ece02c20f1efe0f1e8e1ee20c2e0ec20e7e020f2e5f0efe5ede8e52ce2fbe4e5f0e6eaf32ce7ede0ede8e520e820f3ece5ede8e520efeee4f0eee1edee20e820e4eef5eee4f7e8e2ee20eee1fafff1ede8f2fc20f2eeedeaeef1f2e820e820efeee4f0eee1edeef1f2e820f3eff0e0e2ebe5ede8ff20e0e2f2eeeceee1e8ebe5ec2e20ccfb20e7e0ede8ece0ebe8f1fc20eeeaeeebee20313020e7e0edfff2e8e92120c4ee20f1e8f520efeef020e2f1efeeece8ede0fe20eae0e6e4fbe920e5e3ee20eaeeecece5edf2e0f0e8e920e820f1eee2e5f220efee20efeee2eee4f320eceee5e3ee20e2eee6e4e5ede8ff21, 'Y');
INSERT INTO `as_board` (`id`, `person_id`, `name`, `email`, `pdate`, `memo`, `visibled`) VALUES (259, 24, 'Светлана', 'svepavlovskaya@yandex.ru', '2013-08-16 00:00:00', 0xc5ebe5ede020c2ebe0e4e8ece8f0eee2ede020202d20eef2ebe8f7edfbe920eff0e5efeee4e0e2e0f2e5ebfc20e820eff0eef1f2ee20e7e0ece5f7e0f2e5ebfcede0ff20e6e5edf9e8ede02e20f120f3e4eee2eeebfcf1f2e2e8e5ec20f5eee4e8ebe020ede020e5e520e7e0edfff2e8ff2e20, 'Y');
INSERT INTO `as_board` (`id`, `person_id`, `name`, `email`, `pdate`, `memo`, `visibled`) VALUES (260, 21, 'Светлана', 'svepavlovskaya@yandex.ru', '2013-08-22 00:00:00', 0xcef7e5edfc20eff0eef4e5f1f1e8eeede0ebfcedfbe92c20f1efeeeaeee9edfbe920e820f3e2e5f0e5ededfbe92e20ccfb20f120ecf3e6e5ec20f3f7e8ebe8f1fc20f320ede5e3ee20e820eef1f2e0ebe8f1fc20eef7e5edfc20e4eee2eeebfcedfb2e20d2e5efe5f0fc20e2f1e5ec20f0e5eaeeece5ede4f3fe20e0e2f2eef8eaeeebf32022ddebe5eaf2f0eeed2220e820c2ebe0e4e8ece8f0e020cdeef1eee2e02e20c2ebe0e4e8ece8f02120f1efe0f1e8e1ee20e2e0ec20e7e020e3f0e0eceef2edeee520eee1f3f7e5ede8e520e820ede5e2e5f0eefff2edeee520f2e5f0efe5ede8e520ea20eceee8ec20eef8e8e1eae0ec2e20c1fbebe020f0e0e4e020e7ede0eaeeecf1f2e2f320e820eee1f9e5ede8fe20f120c2e0ece82e, 'Y');
INSERT INTO `as_board` (`id`, `person_id`, `name`, `email`, `pdate`, `memo`, `visibled`) VALUES (264, 32, 'матасова юлия', 'julia.matasova', '2013-10-04 00:00:00', 0xe2f1e520eff0eef8ebee20f7e5f2eaee2120d1efe0f1e8e1ee21, 'Y');
INSERT INTO `as_board` (`id`, `person_id`, `name`, `email`, `pdate`, `memo`, `visibled`) VALUES (265, 19, 'BuruВuru', 'burunduk.79@bk.ru', '2013-10-22 00:00:00', 0xcee1f3f7e0ebe0f1fc20f320cbfce2e020d1f2e5efe0edeee2e8f7e020eef1e5edfcfe20323031302c20e2efeeebede520e4eee2eeebfcede02e20c3f0e0eceef2edfbe920efe5e4e0e3eee32c20f1e4e5f0e6e0ededfbe92c20f2e5f0efe5ebe8e2fbe92e20d2eeebfceaee20f1e5e9f7e0f120efeeede8ece0fe2c20eae0ea20fdf2ee20f1ebeee6edee202d20eee1fafff1ede8f2fc20edeee2e8f7eaf320e2f1e520f2eeedeaeef1f2e820e2eee6e4e5ede8ff2e20d7e5f0e5e720ede5e4e5ebfe20f320ece5edff20fee1e8ebe5e9202d203320e3eee4e020f1f2e0e6e02028f7e5f1f2edeee920e5e6e5e4ede5e2edeee920e5e7e4fb29202e20cbe5e220d1f2e5efe0edeee2e8f72c20f1efe0f1e8e1ee2120c020edeee2e8f7eae0ec20f3e4e0f7e82120c7e0efe8f1fbe2e0e9f2e5f1fc20ea20ede5ecf32c20ede520efeee6e0ebe5e5f2e52e202020, 'Y');
INSERT INTO `as_board` (`id`, `person_id`, `name`, `email`, `pdate`, `memo`, `visibled`) VALUES (266, 17, 'Наталья', 'aleni4ewa.nat@yandex.ru', '2013-12-12 00:00:00', 0xcef2ebe8f7edfbe920e8edf1f2f0f3eaf2eef02c20e2f1e520f7e5f2eaee20e820efeeedfff2edee20eee1fafff1edffe5f22c20e820e4e0e5f220efeeebe5e7edfbe520f1eee2e5f2fb2e20c4ee20ede5e3ee20eeeeeef7e5edfc20e1eeffebe0f1fc20e0e2f2ee20e820e4eef0eee3f32c20efeef1ebe520e7e0edfff2e8e920f120ede8ec20f3e2e5f0e5ededee20f7f3e2f1f2e2f3fe20f1e5e1ff20e7e020f0f3ebe5ec20e820fdeae7e0ece5ed20e220c3c8c1c4c420f1e4e0ebe020f1203120f0e0e7e02c20eff0e8f7e5ec20eff0e8ede8ece0e2f8e8e920fdeae7e0ece5ed20f1eef2f0f3e4ede8ea20e1fbeb20eef7e5edfc20e4eee2eeebe5ed2c20f2e5ec20eae0ea2020f2e0ec20e5e7e4e8ebe02e2e2e20e820fdf2ee20e2ee20ecedeee3eeec20e7e0f1ebf3e3e020c2ebe0e4e8ece8f0e020c2ebe0e4e8ece8f0eee2e8f7e02e20d1efe0f1e8e1ee20c2e0ec292929, 'Y');
INSERT INTO `as_board` (`id`, `person_id`, `name`, `email`, `pdate`, `memo`, `visibled`) VALUES (267, 34, 'Наталья', 'aleni4ewa.nat@yandex.ru', '2013-12-12 00:00:00', 0xcff0e5efeee4e0e2e0f2e5ebfc20e7e0ece5f7e0f2e5ebfcedfbe92c20eff0e820fdf2eeec20e8edf2e5f0e5f1edfbe920e820eff0e8fff2edfbe920f7e5ebeee2e5ea2ec0e1f1eeebfef2edee20efeeedfff2edee20f0e0e7e6e5e2fbe2e0e5f220f2e5eef0e8fe2c20ede520ebe5ede8f2f1ff20eef2e2e5f7e0f2fc20ede020e2eeeff0eef1fb2c20e4e020e820eff0eef1f2ee20f5eef0eef8ee20e7ede0e5f220f1e2eee520e4e5ebee2e20d120ede8ec20e7e0edfff2e8ff20eff0eeebe5f2e0fef220ede5e7e0ece5f2edee20e820e0f2eceef1f4e5f0e020e220eaebe0f1f1e520f3fef2ede0ff20e820f1efeeeaeee9ede0ff2c20f2e0ea20eae0ea20c0ebe5eaf1e0ede4f020cce8f5e0e9ebeee2e8f720eee1ebe0e4e0e5f220f8e8eae0f0edfbec20f7f3e2f1f2e2eeec20feeceef0e0292929, 'Y');
INSERT INTO `as_board` (`id`, `person_id`, `name`, `email`, `pdate`, `memo`, `visibled`) VALUES (268, 35, 'Юлия Ш', 'max90maco@mail.ru', '2014-05-28 18:47:32', 0xc7e0ece5f7e0f2e5ebfcedfbe920e8edf1f2f0f3eaf2eef021212120cef7e5edfc20e3f0e0eceef2edee20e820e4eef5eee4f7e8e2ee20e2f1e520eee1fafff1edffe5f220e820f7e5ebeee2e5ea20eef7e5edfc20eff0e8fff2edfbe92cebe8f7edee20ff20e220e0e1f1eeebfef2edeeec20e2eef1f2eef0e3e52e20d1efe0f1e8e1ee20c2e0ec20e1eeebfcf8eee520e7e020f3f0eeeae82e, 'N');
INSERT INTO `as_board` (`id`, `person_id`, `name`, `email`, `pdate`, `memo`, `visibled`) VALUES (269, 22, 'Юлия Ш', 'max90maco@mail.ru', '2014-05-28 18:49:32', 0xc7e0ece5f7e0f2e5ebfcedfbe920eff0e5efeee4e0e2e0f2e5ebfc2c20e2f1e520e1fbebee20eff0e5e4e5ebfcedee20efeeedfff2edfbec2c20e020f7f2ee20ede520efeeedfff2edee20e2f1e5e3e4e020eee1fafff1edffebeef1fc2e20d1efe0f1e8e1ee20e1eeebfcf8eee520e7e020efeeebf3f7e5edfbe520e7ede0ede8ff21, 'N');
INSERT INTO `as_board` (`id`, `person_id`, `name`, `email`, `pdate`, `memo`, `visibled`) VALUES (270, 24, 'Наталья', 'tusya-koroleva@mail.ru', '2014-05-30 22:01:12', 0xd5eef0eef8e8e920eff0e5efeee4e0e2e0f2e5ebfc2c20f1efeeeaeee9ede0ff20e820e4eef1f2f3efedee20e2f1e520eee1fafff1edffe5f221, 'N');
INSERT INTO `as_board` (`id`, `person_id`, `name`, `email`, `pdate`, `memo`, `visibled`) VALUES (271, 35, 'Екатерина', 'boevae@mail.ru', '2014-06-09 22:34:26', 0xd3e6e0f1edfbe92c20ede5e2eef1efe8f2e0ededfbe92c20ede5f3f0e0e2edeee2e5f8e0ededfbe920ecf3e6f7e8ede02c20eaeef2eef0fbe920f1eee2e5f0f8e5ededee20ede520f3ece5e5f220f0e0e7e3eee2e0f0e8e2e0f2fc2e20cde520eff0eef4e5f1f1e8eeede0eb2e20cfeee4f3ece0e9f2e520ede5f1eaeeebfceaee20f0e0e72c2020e8e4f2e820ebe820ea20fdf2eeecf320f7e5ebeee2e5eaf32c20e5f1ebe820e2e0f120ea20ede5ecf320e7e0efe8f1e0ebe82e20d2e5eef0e8fe20eff0e5efeee4e0fef220e7e0ece5f7e0f2e5ebfcedee2e, 'N');
INSERT INTO `as_board` (`id`, `person_id`, `name`, `email`, `pdate`, `memo`, `visibled`) VALUES (251, 34, 'Потанина Аня', 'potaninaav@yandex.ru', '2012-05-01 00:00:00', 0xc0ebe5eaf1e0ede4f020cce8f5e0e9ebeee2e8f7202d20f7f3e4e5f1edfbe920f7e5ebeee2e5ea21212120df20e4e0e6e520ede520e7ede0fe20eae0ea20eeefe8f1e0f2fc20f1ebeee2e0ece820e2f1e520f2ee2c20f7f2ee20eeed20f1eceee320ede0ec20e4e0f2fc21212120cee1fafff1edffe5f220e4eef1f2f3efedee2c20f7e5f2eaee20e820e3f0e0eceef2edee2120caeee3e4e020efee20e4eef0eee3e520e5e4e5f8fc20e2f1b820f3e6e520ede020e0e2f2eeece0f2e5202d20e7ede0eae82c20f0e0e7ece5f2eae82c20e2f1e520eee1eee7ede0f7e5ede8ff2120cee3f0eeecede5e9f8e5e520f1efe0f1e8e1ee21212120c7ede0ede8ff202d20fdf2ee20ede020e2f1fe20e6e8e7edfc21203d292929, 'Y');
INSERT INTO `as_board` (`id`, `person_id`, `name`, `email`, `pdate`, `memo`, `visibled`) VALUES (252, 18, 'Потанина Аня', 'potaninaav@yandex.ru', '2012-05-01 00:00:00', 0xc0ede0f2eeebe8fe20c3f0e8e3eef0fce5e2e8f7f320f6e5edfb20ede5f2202d20f2e0eae8e520ede0e2fbeae820e2eee6e4e5ede8ff2c20eaeef2eef0fbe520eeed20ecede520e4e0eb2c20ede520e7e0e1f3e4e5f8fc20eff0e820e2f1e5ec20e6e5ebe0ede8e82120c820ede0f1f2f0eee5ede8e520e2f1e5e3e4e020f5eef0eef8e5e520e1fbebee2120cfeef1ebe520f2e0eaeee920eff0e0eaf2e8eae820e2eee6e4e5ede8ff20e820e220c3c8c1c4c420f1e4e0e2e0f2fc20f2ee20ede520f1f2fbe4edee21212120d1efe0f1e8e1ee20eee3f0eeecedeee520c2e0ec2c20c0ede0f2eeebe8e920c3f0e8e3eef0fce5e2e8f7212020c3eef0e6f3f1fc2c20f7f2ee20f3f7e8ebe0f1fc20e8ece5ededee20f320c2e0f121, 'Y');
INSERT INTO `as_board` (`id`, `person_id`, `name`, `email`, `pdate`, `memo`, `visibled`) VALUES (254, 34, 'Вадим', 'vadim.godzhik@mail.ru', '2013-05-01 00:00:00', 0xd3f7e8f2fcf1ff20e1fbebee20eee4edee20f3e4eee2eeebfcf1f2e2e8e52c20eaebe0f1f1fb20f5eef0eef8ee20eee1eef0f3e4eee2e0edfb2e20cff0e5efeee4e0e2e0f2e5ebfc20f2e5eef0e8e820eef2ebe8f7edee20e7ede0e5f220f1e2eee520e4e5ebee2c20eee1fafff1edffe5f220e4eef5eee4f7e8e2ee2c20f120eff0e8ece5f0e0ece820e8e720e6e8e7ede82c20f7f2ee20ecede520eef7e5edfc20efeeeceee3e0ebee20e7e0efeeecede8f2fc20ece0f2e5f0e8e0eb20ede5efeef1f0e5e4f1f2e2e5ededee20ede020e7e0edfff2e8e82e20cee3f0eeecedeee520f1efe0f1e8e1ee20c0ebe5eaf1e0ede4f0f320cce8f5e0e9ebeee2e8f7f32e, 'Y');
INSERT INTO `as_board` (`id`, `person_id`, `name`, `email`, `pdate`, `memo`, `visibled`) VALUES (272, 34, 'Екатерина', 'boevae@mail.ru', '2014-06-09 22:37:33', 0xcff0e5efeee4e0e2e0f2e5ebfc20f2e5eef0e8e820e7e0ece5f7e0f2e5ebfcedfbe92e20c2f1e520e4eef1f2f3efedee20eee1fafff1edffe5f22e20f2e5f0efe5ebe8e2fbe92c20f1efe5f6e8e0ebe8f1f220e7ede0fef9e8e920f1e2eee520e4e5ebee2e20c1eeebfcf8eee520f1efe0f1e8e1ee2e, 'N');
INSERT INTO `as_board` (`id`, `person_id`, `name`, `email`, `pdate`, `memo`, `visibled`) VALUES (273, 31, 'Ученик', '1234', '2014-07-01 22:21:43', 0xd1e0ecfbe920eaf0f3f2eee920f3f7e8f220f5eef0eef8ee212121, 'N');
INSERT INTO `as_board` (`id`, `person_id`, `name`, `email`, `pdate`, `memo`, `visibled`) VALUES (274, 35, 'Елена', 'PC_Lenin@mail.ru', '2014-08-14 13:02:01', 0xcef7e5edfc20eff0eef4e5f1f1e8eeede0ebfcedfbe920e8edf1f2f0f3eaf2eef02e20c2ede8ece0f2e5ebfcedfbe92c20f1efeeeaeee9edfbe920e820eef2eaf0fbf2fbe920f7e5ebeee2e5ea2e20c7e0edfff2e8ff20eff0eef5eee4e8ebe820fdf4f4e5eaf2e8e2edee2c20e8edf2e5f0e5f1edee2020e820e2e5f1e5ebee2e20d5eee4e8ebe020e1f3eae2e0ebfcedee20eae0ea20ede020eff0e0e7e4ede8ea2120d0e5eaeeece5ede4f3fe2e, 'N');

# --------------------------------------------------------

#
# Структура таблицы `as_class`
#

CREATE TABLE `as_class` (
  `id` int(11) NOT NULL auto_increment,
  `title` varchar(25) NOT NULL default '',
  PRIMARY KEY  (`id`)
) ENGINE=MyISAM DEFAULT CHARSET=cp1251 AUTO_INCREMENT=5 ;

#
# Дамп данных таблицы `as_class`
#

INSERT INTO `as_class` (`id`, `title`) VALUES (1, 'Гвардейская тел. 637612');
INSERT INTO `as_class` (`id`, `title`) VALUES (2, 'Мичурина тел. 221006');
INSERT INTO `as_class` (`id`, `title`) VALUES (3, 'Кутякова тел. 264284');
INSERT INTO `as_class` (`id`, `title`) VALUES (4, 'Московская тел. 771172');

# --------------------------------------------------------

#
# Структура таблицы `as_persones`
#

CREATE TABLE `as_persones` (
  `id` int(11) NOT NULL auto_increment,
  `code` varchar(10) default NULL,
  `fullname` varchar(70) default NULL,
  `memo` blob,
  PRIMARY KEY  (`id`)
) ENGINE=MyISAM DEFAULT CHARSET=cp1251 AUTO_INCREMENT=51 ;

#
# Дамп данных таблицы `as_persones`
#

INSERT INTO `as_persones` (`id`, `code`, `fullname`, `memo`) VALUES (3, 'sidorov', 'Носов Виктор Петрович', 0xcce0f1f2e5f020eff0eee8e7e2eee4f1f2e2e5ededeee3ee20eee1f3f7e5ede8ff20e2eee6e4e5ede8fe2c20ece0f1f2e5f020f1efeef0f2e020efee20eae0f0f2e8ede3f32e0d0acee1f9e8e920f2f0f3e4eee2eee920f1f2e0e63a343420e3eee4e02020e8203720ece5f1fff6e5e22c20f1f2e0e620efe5e4e0e3eee3e8f7e5f1eaeee920f0e0e1eef2fb2033352020ebe5f2200d0acfeee2eeebe6f1eae8e920ece5e6f0e5e3e8eeede0ebfcedfbe920f4e8ebe8e0eb20f4e5e4e5f0e0ebfcedeee3ee20e3eef1f3e4e0f0f1f2e2e5ededeee3ee20e1fee4e6e5f2edeee3ee20f3f7f0e5e6e4e5ede8ff2020abc2f1e5f0eef1f1e8e9f1eae8e920ede0f3f7edee2de8f1f1ebe5e4eee2e0f2e5ebfcf1eae8e920e8edf1f2e8f2f3f220eef5f0e0edfb20e820fdeaeeedeeece8eae820f2f0f3e4e0bb2020ece8ede8f1f2e5f0f1f2e2ee20e7e4f0e0e2eeeef5f0e0ede5ede8ff20e820f1eef6e8e0ebfcedeee3ee20f0e0e7e2e8f2e8ff20d0d420caf3f0f1fb20efeee4e3eef2eee2eae820e2eee4e8f2e5ebe5e920e820e8edf1f2f0f3eaf2eef0eee220eef22030352e30322e3230313020e3eee4e020cfeee2fbf8e5ede8e520eae2e0ebe8f4e8eae0f6e8e820eef1edeee2fb20eff1e8f5eeebeee3e8e8202ceef1edeee2fb20eff0eef4e5f1f1e8eeede0ebfcedeee920efeee4e3eef2eee2eae82c20eef1edeee2fb20ece5f2eee4e8eae820eff0eee8e7e2eee4f1f2e2e5ededeee3ee20eee1f3f7e5ede8ff20cff0e8f1e2eee5ede020eae2e0ebe8f4e8eae0f6e8ff3a20e2eee4e8f2e5ebfc2de8edf1f2f0f3eaf2eef02c383420f7e0f1eee22c20efeef1ebe520eeeaeeedf7e0ede8ff20eff0e5e4eef1f2e0e2ebffe5f2f1ff20eff0e0e2ee20eee1f3f7e5ede8ff20e2eee6e4e5ede8fe20e0e2f2eef2f0e0edf1efeef0f2edfbf520f1f0e5e4f1f2e22031342e30332e32303134);
INSERT INTO `as_persones` (`id`, `code`, `fullname`, `memo`) VALUES (21, 'vovin', 'Носов Владимир Викторович', 0xcce0f1f2e5f020eff0eee8e7e2eee4f1f2e2e5ededeee3ee20eee1f3f7e5ede8ff20e2eee6e4e5ede8ff0d0acee1f9e8e920f2f0f3e4eee2eee920f1f2e0e63a2031372020ebe5f22c20f1f2e0e620efe5e4e0e3eee3e8f7e5f1eaeee920f0e0e1eef2fb2020202020202020202031372020ebe5f2200d0acee1f0e0e7eee2e0ede8e52020d1f0e5e4ede52df2e5f5ede8f7e5f1eaeee520cff0eef4e5f1f1e8eeede0ebfcedee2df2e5f5ede8f7e5f1eaeee520f3f7e8ebe8f9e520b920382032362e30352e3139393220cfeee2eeebe6f1eae8e920ece5e6f0e5e3e8eeede0ebfcedfbe920f4e8ebe8e0eb20f4e5e4e5f0e0ebfcedeee3ee20e3eef1f3e4e0f0f1f2e2e5ededeee3ee20e1fee4e6e5f2edeee3ee20f3f7f0e5e6e4e5ede8ff2020abc2f1e5f0eef1f1e8e9f1eae8e920ede0f3f7edee2de8f1f1ebe5e4eee2e0f2e5ebfcf1eae8e920e8edf1f2e8f2f3f220eef5f0e0edfb20e820fdeaeeedeeece8eae820f2f0f3e4e0bb2020ece8ede8f1f2e5f0f1f2e2ee20e7e4f0e0e2eeeef5f0e0ede5ede8ff20e820f1eef6e8e0ebfcedeee3ee20f0e0e7e2e8f2e8ff20d0d40d0acaf3f0f1fb20efeee4e3eef2eee2eae820e2eee4e8f2e5ebe5e920e820e8edf1f2f0f3eaf2eef0eee220eef22030352e30322e3230313020e3eee4e020eef1edeee2fb20eff1e8f5eeebeee3e8e8202ceef1edeee2fb20eff0eef4e5f1f1e8eeede0ebfcedeee920efeee4e3eef2eee2eae82c20eef1edeee2fb20ece5f2eee4e8eae820eff0eee8e7e2eee4f1f2e2e5ededeee3ee20eee1f3f7e5ede8ff2e20cff0e8f1e2eee5ede020eae2e0ebe8f4e8eae0f6e8ff3a20e2eee4e8f2e5ebfc2de8edf1f2f0f3eaf2eef020393020f7e0f1eee22c20eff0e5e4eef1f2e0e2ebe5edee20eff0e0e2ee20eee1f3f7e5ede8fe20e2eee6e4e5ede8fe20e0e2f2eef2f0e0edf1efeef0f2edfbf520f1f0e5e4f1f2e22c20e220203230313420e3eee4f3200d0a);
INSERT INTO `as_persones` (`id`, `code`, `fullname`, `memo`) VALUES (31, 'ramin', 'Кулиев Роман Михайлович', 0xcce0f1f2e5f020eff0eee8e7e2eee4f1f2e2e5ededeee3ee20eee1f3f7e5ede8ff20e2eee6e4e5ede8fe0d0aeee1f0e0e7eee2e0ede8e520c2fbf1f8e5e520d1c3c0cf2031372e30372e32303037200d0acfeee2eeebe6f1eae8e920ece5e6f0e5e3e8eeede0ebfcedfbe920f4e8ebe8e0eb20f4e5e4e5f0e0ebfcedeee3ee20e3eef1f3e4e0f0f1f2e2e5ededeee3ee20e1fee4e6e5f2edeee3ee20f3f7f0e5e6e4e5ede8ff2020abc2f1e5f0eef1f1e8e9f1eae8e920ede0f3f7edee2de8f1f1ebe5e4eee2e0f2e5ebfcf1eae8e920e8edf1f2e8f2f3f220eef5f0e0edfb20e820fdeaeeedeeece8eae820f2f0f3e4e0bb2020ece8ede8f1f2e5f0f1f2e2ee20e7e4f0e0e2eeeef5f0e0ede5ede8ff20e820f1eef6e8e0ebfcedeee3ee20f0e0e7e2e8f2e8ff20d0d420313420ece0f0f2e02032303134202020caf3f0f1fb20efeee4e3eef2eee2eae820e2eee4e8f2e5ebe5e920e820e8edf1f2f0f3eaf2eef0eee220eef1edeee2fb20eff1e8f5eeebeee3e8e8202ceef1edeee2fb20eff0eef4e5f1f1e8eeede0ebfcedeee920efeee4e3eef2eee2eae82c20eef1edeee2fb20ece5f2eee4e8eae820eff0eee8e7e2eee4f1f2e2e5ededeee3ee20eee1f3f7e5ede8ff20cff0e8f1e2eee5ede020eae2e0ebe8f4e8eae0f6e8ff3a20e2eee4e8f2e5ebfc2de8edf1f2f0f3eaf2eef020393020f7e0f1eee2);
INSERT INTO `as_persones` (`id`, `code`, `fullname`, `memo`) VALUES (22, 'SIMAN', 'Симанчук Владимир Владимирович', 0xcff0e5efeee4e0e2e0f2e5ebfc20f2e5eef0e8e80d0acee1f9e8e920f2f0f3e4eee2eee920f1f2e0e63a20353320e3eee4e02c20f1f2e0e620efe5e4e0e3eee3e8f7e5f1eaeee920f0e0e1eef2fb20202020202020202020313420ebe5f20d0acee1f0e0e7eee2e0ede8e52020c2fbf1f8e5e52020d1e0f0e0f2eee2f1eae8e920eef0e4e5ede020d2f0f3e4eee2eee3ee20caf0e0f1edeee3ee20c7ede0ece5ede820e3eef1f3e4e0f0f1f2e2e5ededfbe920f3ede8e2e5f0f1e8f2e5f220e8ec2e20cd2ec32e20d7e5f0edfbf8e5e2f1eaeee3ee2032302e30362e313937340d0a5fcfeee2eeebe6f1eae8e920ece5e6f0e5e3e8eeede0ebfcedfbe920f4e8ebe8e0eb20f4e5e4e5f0e0ebfcedeee3ee20e3eef1f3e4e0f0f1f2e2e5ededeee3ee20e1fee4e6e5f2edeee3ee20f3f7f0e5e6e4e5ede8ff2020abc2f1e5f0eef1f1e8e9f1eae8e920ede0f3f7edee2de8f1f1ebe5e4eee2e0f2e5ebfcf1eae8e920e8edf1f2e8f2f3f220eef5f0e0edfb20e820fdeaeeedeeece8eae820f2f0f3e4e0bb2020ece8ede8f1f2e5f0f1f2e2ee20e7e4f0e0e2eeeef5f0e0ede5ede8ff20e820f1eef6e8e0ebfcedeee3ee20f0e0e7e2e8f2e8ff20d0d45f5f5f5f5f5f5f5f5f5f5feef22032302e31312e323031325f5f5f5f5f5fe3eee4e02020cfe5e4e0e3eee3e8f7e5f1eae8e520eef1edeee2fb20e4e5fff2e5ebfcedeef1f2e820eff0e5efeee4e0e2e0f2e5ebff20efee20efeee4e3eef2eee2eae820e2eee4e8f2e5ebe5e920e0e2f2eef2f0e0edf1efeef0f2edfbf520f1f0e5e4f1f2e2bb20383420f7e0f1e020);
INSERT INTO `as_persones` (`id`, `code`, `fullname`, `memo`) VALUES (23, 'nada', 'Черкашина Надежда Анатольевна', 0xcff0e5efeee4e0e2e0f2e5ebfc20f2e5eef0e8e80d0acce0f1f2e5f020eff0eee8e7e2eee4f1f2e2e5ededeee3ee20eee1f3f7e5ede8ff20e2eee6e4e5ede8fe0d0acee1f9e8e920f2f0f3e4eee2eee920f1f2e0e63a20323820ebe5f22c20f1f2e0e620efe5e4e0e3eee3e8f7e5f1eaeee920f0e0e1eef2fb203920ebe5f20d0ac4e8efebeeec20e7e020312deee520ece5f1f2ee20e220cfc4c420e220eef2eaf0fbf2eeec20eff0eef4e5f1f1e8eeede0ebfcedeeec20eaeeedeaf3f0f1e520f1f0e5e4e820e2eee4e8f2e5ebe5e92d20e8edf1f2f0f3eaf2eef0eee22c2020e2fbe4e0ed3a5f5fede0f7e0ebfcede8eaeeec205f5f5ff3eff0e0e2ebe5ede8ff20c3c8c1c4c420d3c2c420d1e0f0e0f2eee2f1eaeee920cee1ebe0f1f2e820d0eee3eee220cf2ec02e20eef22031352e31302e323031312c205f322920c4e8efebeeec20e7e020322deee520ece5f1f2ee20f1f0e5e4e820ece0f1f2e5f0eee220eff0eee8e7e2eee4f1f2e2e5ededeee3ee20eee1f3f7e5ede8ff20eef22031312e30352e32303133205f5f20e2fbe4e0ed3a5f5fede0f7e0ebfcede8eaeeec205f5f5ff3eff0e0e2ebe5ede8ff20c3c8c1c4c420d3c2c420d1e0f0e0f2eee2f1eaeee920cee1ebe0f1f2e820d0eee3eee220cf2ec0200d0aeee1f0e0e7eee2e0ede8e520c2fbf1f8e5e520d1c3c0d3205f5fe8ec20cd2ec82e20c2e0e2e8ebeee2e02031372e30372e323031320d0acfeee2eeebe6f1eae8e920ece5e6f0e5e3e8eeede0ebfcedfbe920f4e8ebe8e0eb20f4e5e4e5f0e0ebfcedeee3ee20e3eef1f3e4e0f0f1f2e2e5ededeee3ee20e1fee4e6e5f2edeee3ee20f3f7f0e5e6e4e5ede8ff2020abc2f1e5f0eef1f1e8e9f1eae8e920ede0f3f7edee2de8f1f1ebe5e4eee2e0f2e5ebfcf1eae8e920e8edf1f2e8f2f3f220eef5f0e0edfb20e820fdeaeeedeeece8eae820f2f0f3e4e0bb2020ece8ede8f1f2e5f0f1f2e2ee20e7e4f0e0e2eeeef5f0e0ede5ede8ff20e820f1eef6e8e0ebfcedeee3ee20f0e0e7e2e8f2e8ff20d0d45f5f5f5f5f5f5f5f5f5f5feef22032302e31312e323031325f5f5f5f5f5fe3eee4e02020cfe5e4e0e3eee3e8f7e5f1eae8e520eef1edeee2fb20e4e5fff2e5ebfcedeef1f2e820eff0e5efeee4e0e2e0f2e5ebff20efee20efeee4e3eef2eee2eae820e2eee4e8f2e5ebe5e920e0e2f2eef2f0e0edf1efeef0f2edfbf520f1f0e5e4f1f2e2bb20383420f7e0f1e0200d0a);
INSERT INTO `as_persones` (`id`, `code`, `fullname`, `memo`) VALUES (24, 'len1', 'Аралина Елена Владимировна', 0xcff0e5efeee4e0e2e0f2e5ebfc20f2e5eef0e8e80d0acee1f9e8e920f1f2e0e6202d2033342020e3eee4e02c20f1f2e0e620efe5e4e0e3eee3e8f7e5f1eaeee920f0e0e1eef2fb2020202020202020202031322020ebe5f20d0acee1f0e0e7eee2e0ede8e520e2fbf1f8e5e520d1e0f0e0f2eee2f1eae8e920eef0e4e5ede020d2f0f3e4eee2eee3ee20caf0e0f1edeee3ee20c7ede0ece5ede820e3eef1f3e4e0f0f1f2e2e5ededfbe920f3ede8e2e5f0f1e8f2e5f220e8ec2e20cd2ec32e20d7e5f0edfbf8e5e2f1eaeee3ee202032352e30362e313937390d0acfeee2eeebe6f1eae8e920ece5e6f0e5e3e8eeede0ebfcedfbe920f4e8ebe8e0eb20f4e5e4e5f0e0ebfcedeee3ee20e3eef1f3e4e0f0f1f2e2e5ededeee3ee20e1fee4e6e5f2edeee3ee20f3f7f0e5e6e4e5ede8ff2020abc2f1e5f0eef1f1e8e9f1eae8e920ede0f3f7edee2de8f1f1ebe5e4eee2e0f2e5ebfcf1eae8e920e8edf1f2e8f2f3f220eef5f0e0edfb20e820fdeaeeedeeece8eae820f2f0f3e4e0bb2020ece8ede8f1f2e5f0f1f2e2ee20e7e4f0e0e2eeeef5f0e0ede5ede8ff20e820f1eef6e8e0ebfcedeee3ee20f0e0e7e2e8f2e8ff20d0d4205f5f5f5f5f5feef22032302e31312e323031325f5f5f5f5f5fe3eee4e02020cfe5e4e0e3eee3e8f7e5f1eae8e520eef1edeee2fb20e4e5fff2e5ebfcedeef1f2e820eff0e5efeee4e0e2e0f2e5ebff20efee20efeee4e3eef2eee2eae820e2eee4e8f2e5ebe5e920e0e2f2eef2f0e0edf1efeef0f2edfbf520f1f0e5e4f1f2e2bb20383420f7e0f1e020);
INSERT INTO `as_persones` (`id`, `code`, `fullname`, `memo`) VALUES (25, 'svitkin', 'Свиткин Дмитрий Светославович', 0xcce0f1f2e5f020eff0eee8e7e2eee4f1f2e2e5ededeee3ee20eee1f3f7e5ede8ff20e2eee6e4e5ede8fe0d0acee1f9e8e920f2f0f3e4eee2eee920f1f2e0e63a203920ebe5f22c20f1f2e0e620efe5e4e0e3eee3e8f7e5f1eaeee920f0e0e1eef2fb202020202020202020203620ebe5f2200d0acee1f0e0e7eee2e0ede8e52020d1f0e5e4ede5e5200d0acfeee2eeebe6f1eae8e920ece5e6f0e5e3e8eeede0ebfcedfbe920f4e8ebe8e0eb20f4e5e4e5f0e0ebfcedeee3ee20e3eef1f3e4e0f0f1f2e2e5ededeee3ee20e1fee4e6e5f2edeee3ee20f3f7f0e5e6e4e5ede8ff2020abc2f1e5f0eef1f1e8e9f1eae8e920ede0f3f7edee2de8f1f1ebe5e4eee2e0f2e5ebfcf1eae8e920e8edf1f2e8f2f3f220eef5f0e0edfb20e820fdeaeeedeeece8eae820f2f0f3e4e0bb2020ece8ede8f1f2e5f0f1f2e2ee20e7e4f0e0e2eeeef5f0e0ede5ede8ff20e820f1eef6e8e0ebfcedeee3ee20f0e0e7e2e8f2e8ff20d0d40d0acaf3f0f1fb20efeee4e3eef2eee2eae820e2eee4e8f2e5ebe5e920e820e8edf1f2f0f3eaf2eef0eee220eef22030392e30342e3230313220e3eee4e020eef1edeee2fb20eff1e8f5eeebeee3e8e8202ceef1edeee2fb20eff0eef4e5f1f1e8eeede0ebfcedeee920efeee4e3eef2eee2eae82c20eef1edeee2fb20ece5f2eee4e8eae820eff0eee8e7e2eee4f1f2e2e5ededeee3ee20eee1f3f7e5ede8ff2e20cff0e8f1e2eee5ede020eae2e0ebe8f4e8eae0f6e8ff3a20e2eee4e8f2e5ebfc2de8edf1f2f0f3eaf2eef020393020f7e0f1eee22c20eff0e5e4eef1f2e0e2ebe5edee20eff0e0e2ee20eee1f3f7e5ede8fe20e2eee6e4e5ede8fe20e0e2f2eef2f0e0edf1efeef0f2edfbf520f1f0e5e4f1f2e2200d0a);
INSERT INTO `as_persones` (`id`, `code`, `fullname`, `memo`) VALUES (26, 'kalykin', 'Калякин Дмитрий Васильевич', 0xcce0f1f2e5f020eff0eee8e7e2eee4f1f2e2e5ededeee3ee20eee1f3f7e5ede8ff20e2eee6e4e5ede8fe0d0acee1f9e8e920f2f0f3e4eee2eee920f1f2e0e63a20313920ebe5f22c20f1f2e0e620efe5e4e0e3eee3e8f7e5f1eaeee920f0e0e1eef2fb203620ebe5f2200d0aeee1f0e0e7eee2e0ede8e520c2fbf1f8e5e520d1c3c0cf2033312e30352e313939390d0acfeee2eeebe6f1eae8e920ece5e6f0e5e3e8eeede0ebfcedfbe920f4e8ebe8e0eb20f4e5e4e5f0e0ebfcedeee3ee20e3eef1f3e4e0f0f1f2e2e5ededeee3ee20e1fee4e6e5f2edeee3ee20f3f7f0e5e6e4e5ede8ff2020abc2f1e5f0eef1f1e8e9f1eae8e920ede0f3f7edee2de8f1f1ebe5e4eee2e0f2e5ebfcf1eae8e920e8edf1f2e8f2f3f220eef5f0e0edfb20e820fdeaeeedeeece8eae820f2f0f3e4e0bb2020ece8ede8f1f2e5f0f1f2e2ee20e7e4f0e0e2eeeef5f0e0ede5ede8ff20e820f1eef6e8e0ebfcedeee3ee20f0e0e7e2e8f2e8ff20d0d420caf3f0f1fb20efeee4e3eef2eee2eae820e2eee4e8f2e5ebe5e920e820e8edf1f2f0f3eaf2eef0eee220eef22030382e30342e3230313320e3eee4e020eef1edeee2fb20eff1e8f5eeebeee3e8e8202ceef1edeee2fb20eff0eef4e5f1f1e8eeede0ebfcedeee920efeee4e3eef2eee2eae82c20eef1edeee2fb20ece5f2eee4e8eae820eff0eee8e7e2eee4f1f2e2e5ededeee3ee20eee1f3f7e5ede8ff20cff0e8f1e2eee5ede020eae2e0ebe8f4e8eae0f6e8ff3a20e2eee4e8f2e5ebfc2de8edf1f2f0f3eaf2eef02c393020f7e0f1eee22c20efeef1ebe520eeeaeeedf7e0ede8ff20eff0e5e4eef1f2e0e2ebffe5f2f1ff20eff0e0e2ee20eee1f3f7e5ede8ff20e2eee6e4e5ede8fe20e0e2f2eef2f0e0edf1efeef0f2edfbf520f1f0e5e4f1f2e220);
INSERT INTO `as_persones` (`id`, `code`, `fullname`, `memo`) VALUES (30, 'loginov', 'Логинов Владимир Алексеевич', 0xcce0f1f2e5f020eff0eee8e7e2eee4f1f2e2e5ededeee3ee20eee1f3f7e5ede8ff20e2eee6e4e5ede8fe0d0acee1f9e8e920f2f0f3e4eee2eee920f1f2e0e63a20333820ebe5f22c20f1f2e0e620efe5e4e0e3eee3e8f7e5f1eaeee920f0e0e1eef2fb2020203620ebe5f2200d0acee1f0e0e7eee2e0ede8e52020d1f0e5e4ede52df2e5f5ede8f7e5f1eaeee52020d1e0f0e0f2eee2f1eaeee520e2eee5ededeee520e0e2e8e0f6e8eeededeee520f3f7e8ebe8f9e520ebe5f2f7e8eaeee220200d0ae3eee420eeeaeeedf7e0ede8ff2030332e31302e313937350d0acfeee2eeebe6f1eae8e920ece5e6f0e5e3e8eeede0ebfcedfbe920f4e8ebe8e0eb20f4e5e4e5f0e0ebfcedeee3ee20e3eef1f3e4e0f0f1f2e2e5ededeee3ee20e1fee4e6e5f2edeee3ee20f3f7f0e5e6e4e5ede8ff2020abc2f1e5f0eef1f1e8e9f1eae8e920ede0f3f7edee2de8f1f1ebe5e4eee2e0f2e5ebfcf1eae8e920e8edf1f2e8f2f3f220eef5f0e0edfb20e820fdeaeeedeeece8eae820f2f0f3e4e0bb2020ece8ede8f1f2e5f0f1f2e2ee20e7e4f0e0e2eeeef5f0e0ede5ede8ff20e820f1eef6e8e0ebfcedeee3ee20f0e0e7e2e8f2e8ff20d0d40d0acaf3f0f1fb20efeee4e3eef2eee2eae820e2eee4e8f2e5ebe5e920e820e8edf1f2f0f3eaf2eef0eee220eef22030382e30342e3230313320e3eee4e020eef1edeee2fb20eff1e8f5eeebeee3e8e8202ceef1edeee2fb20eff0eef4e5f1f1e8eeede0ebfcedeee920efeee4e3eef2eee2eae82c20eef1edeee2fb20ece5f2eee4e8eae820eff0eee8e7e2eee4f1f2e2e5ededeee3ee20eee1f3f7e5ede8ff20cff0e8f1e2eee5ede020eae2e0ebe8f4e8eae0f6e8ff3a20e2eee4e8f2e5ebfc2de8edf1f2f0f3eaf2eef020393020f7e0f1eee22c20eff0e5e4eef1f2e0e2ebe5edee20eff0e0e2ee20eee1f3f7e5ede8fe20e2eee6e4e5ede8fe20e0e2f2eef2f0e0edf1efeef0f2edfbf520f1f0e5e4f1f2e2200d0a);
INSERT INTO `as_persones` (`id`, `code`, `fullname`, `memo`) VALUES (32, 'ira11', 'Золотушкина Ирина Львовна', 0xc4e8f0e5eaf2eef02c20e2f0e0f72c20eff0e5efeee4e0e2e0f2e5ebfc200d0acee1f9e8e920f2f0f3e4eee2eee920f1f2e0e63a20323620ebe5f220ebe5f22c20f1f2e0e620efe5e4e0e3eee3e8f7e5f1eaeee920f0e0e1eef2fb202020202020203133205febe5f20d0acee1f0e0e7eee2e0ede8e52020c2fbf1f8e5e52020ece5e4e8f6e8edf1eaeee52c20d1ccc82032322e30362e313938372c20c2fbf1f8e5e520f2e5f5ede8f7e5f1eaeee52c20d1c3d2d32031342e30362e323030370d0acfeee2eeebe6f1eae8e920ece5e6f0e5e3e8eeede0ebfcedfbe920f4e8ebe8e0eb20f4e5e4e5f0e0ebfcedeee3ee20e3eef1f3e4e0f0f1f2e2e5ededeee3ee20e1fee4e6e5f2edeee3ee20f3f7f0e5e6e4e5ede8ff2020abc2f1e5f0eef1f1e8e9f1eae8e920ede0f3f7edee2de8f1f1ebe5e4eee2e0f2e5ebfcf1eae8e920e8edf1f2e8f2f3f220eef5f0e0edfb20e820fdeaeeedeeece8eae820f2f0f3e4e0bb2020ece8ede8f1f2e5f0f1f2e2ee20e7e4f0e0e2eeeef5f0e0ede5ede8ff20e820f1eef6e8e0ebfcedeee3ee20f0e0e7e2e8f2e8ff20d0d420eef22032302e31312e3230313220e3eee4e02020cfe5e4e0e3eee3e8f7e5f1eae8e520eef1edeee2fb20e4e5fff2e5ebfcedeef1f2e820eff0e5efeee4e0e2e0f2e5ebff20efee20efeee4e3eef2eee2eae820e2eee4e8f2e5ebe5e920e0e2f2eef2f0e0edf1efeef0f2edfbf520f1f0e5e4f1f2e2bb20383420f7e0f1e0);
INSERT INTO `as_persones` (`id`, `code`, `fullname`, `memo`) VALUES (35, 'anzor', 'Небиеридзе Анзор Георгиевич', 0xcce0f1f2e5f020eff0eee8e7e2eee4f1f2e2e5ededeee3ee20eee1f3f7e5ede8ff20e2eee6e4e5ede8fe0d0acee1f9e8e920f2f0f3e4eee2eee920f1f2e0e63a2032382020ebe5f22c20f1f2e0e620efe5e4e0e3eee3e8f7e5f1eaeee920f0e0e1eef2fb20322020e3eee4e00d0acfeee2eeebe6f1eae8e920ece5e6f0e5e3e8eeede0ebfcedfbe920f4e8ebe8e0eb20f4e5e4e5f0e0ebfcedeee3ee20e3eef1f3e4e0f0f1f2e2e5ededeee3ee20e1fee4e6e5f2edeee3ee20f3f7f0e5e6e4e5ede8ff2020abc2f1e5f0eef1f1e8e9f1eae8e920ede0f3f7edee2de8f1f1ebe5e4eee2e0f2e5ebfcf1eae8e920e8edf1f2e8f2f3f220eef5f0e0edfb20e820fdeaeeedeeece8eae820f2f0f3e4e0bb2020ece8ede8f1f2e5f0f1f2e2ee20e7e4f0e0e2eeeef5f0e0ede5ede8ff20e820f1eef6e8e0ebfcedeee3ee20f0e0e7e2e8f2e8ff20d0d420caf3f0f1fb20efeee4e3eef2eee2eae820e2eee4e8f2e5ebe5e920e820e8edf1f2f0f3eaf2eef0eee220eef22030332e30382e3230313220e3eee4e020eef1edeee2fb20eff1e8f5eeebeee3e8e8202ceef1edeee2fb20eff0eef4e5f1f1e8eeede0ebfcedeee920efeee4e3eef2eee2eae82c20eef1edeee2fb20ece5f2eee4e8eae820eff0eee8e7e2eee4f1f2e2e5ededeee3ee20eee1f3f7e5ede8ff20cff0e8f1e2eee5ede020eae2e0ebe8f4e8eae0f6e8ff3a20e2eee4e8f2e5ebfc2de8edf1f2f0f3eaf2eef02c393020f7e0f1eee22c20efeef1ebe520eeeaeeedf7e0ede8ff20eff0e5e4eef1f2e0e2ebffe5f2f1ff20eff0e0e2ee20eee1f3f7e5ede8ff20e2eee6e4e5ede8fe20e0e2f2eef2f0e0edf1efeef0f2edfbf520f1f0e5e4f1f2e220);
INSERT INTO `as_persones` (`id`, `code`, `fullname`, `memo`) VALUES (34, 'mihail', 'Богданов Александр Михайлович', 0xcff0e5efeee4e0e2e0f2e5ebfc20f2e5eef0e8e8);
INSERT INTO `as_persones` (`id`, `code`, `fullname`, `memo`) VALUES (36, 'melnik', 'Мельников Борис Викторович', 0xcff0e5efeee4e0e2e0f2e5ebfc20f2e5eef0e8e8);
INSERT INTO `as_persones` (`id`, `code`, `fullname`, `memo`) VALUES (37, '', 'Асланян Лев Степанович', 0xcce0f1f2e5f020eff0eee8e7e2eee4f1f2e2e5ededeee3ee20eee1f3f7e5ede8ff2e0d0ad1f2e0e6202d20323620ebe5f20d0acee1f0e0e7eee2e0ede8e520e2fbf1f8e5e50d0ad1e0f0e0f2eee2f1eae8e920eef0e4e5ede020e7ede0ea20cfeef7e5f220e3eef1f3e4e0f0f1f2e2e5ededfbe920efe5e4e0e3eee3e8f7e5f1eae8e920e8edf1f2e8f2f3f220e8ece5ede820ca2ec02ed4e5e4e8ede020200d0a5fcfeee2eeebe6f1eae8e920ece5e6f0e5e3e8eeede0ebfcedfbe920f4e8ebe8e0eb20f4e5e4e5f0e0ebfcedeee3ee20e3eef1f3e4e0f0f1f2e2e5ededeee3ee20e1fee4e6e5f2edeee3ee20f3f7f0e5e6e4e5ede8ff2020abc2f1e5f0eef1f1e8e9f1eae8e920ede0f3f7edee2de8f1f1ebe5e4eee2e0f2e5ebfcf1eae8e920e8edf1f2e8f2f3f220eef5f0e0edfb20e820fdeaeeedeeece8eae820f2f0f3e4e0bb2020ece8ede8f1f2e5f0f1f2e2ee20e7e4f0e0e2eeeef5f0e0ede5ede8ff20e820f1eef6e8e0ebfcedeee3ee20f0e0e7e2e8f2e8ff20d0d4205f5f5f5f5f5f0d0acaf3f0f1fb20efeee4e3eef2eee2eae820e2eee4e8f2e5ebe5e920e820e8edf1f2f0f3eaf2eef0eee220eef22030352e30322e3230313020e3eee4e020eef1edeee2fb20eff1e8f5eeebeee3e8e8202ceef1edeee2fb20eff0eef4e5f1f1e8eeede0ebfcedeee920efeee4e3eef2eee2eae82c20eef1edeee2fb20ece5f2eee4e8eae820eff0eee8e7e2eee4f1f2e2e5ededeee3ee20eee1f3f7e5ede8ff20cff0e8f1e2eee5ede020eae2e0ebe8f4e8eae0f6e8ff3a20e2eee4e8f2e5ebfc2de8edf1f2f0f3eaf2eef020393020f7e0f1eee22c20efebe0ede8f0f3e5f2f1ff20eef7e5f0e5e4edeee52020efeee2fbf8e5ede8e520eae2e0ebe8f4e8eae0f6e8e820e2203230313420e3eee4f30d0a);
INSERT INTO `as_persones` (`id`, `code`, `fullname`, `memo`) VALUES (38, '', 'Шубина Татьяна Александровна', 0xcce0f1f2e5f020eff0eee8e7e2eee4f1f2e2e5ededeee3ee20eee1f3f7e5ede8ff0d0acee1f9e8e920f2f0f3e4eee2eee920f1f2e0e63a323020ebe5f220202020f1f2e0e620efe5e4e0e3eee3e8f7e5f1eaeee920f0e0e1eef2fb2020202020203220e3eee4e00d0a20cee1f0e0e7eee2e0ede8e52020d1f0e5e4ede5e52020cfeee2eeebe6f1eae8e920ece5e6f0e5e3e8eeede0ebfcedfbe920f4e8ebe8e0eb20f4e5e4e5f0e0ebfcedeee3ee20e3eef1f3e4e0f0f1f2e2e5ededeee3ee20e1fee4e6e5f2edeee3ee20f3f7f0e5e6e4e5ede8ff2020abc2f1e5f0eef1f1e8e9f1eae8e920ede0f3f7edee2de8f1f1ebe5e4eee2e0f2e5ebfcf1eae8e920e8edf1f2e8f2f3f220eef5f0e0edfb20e820fdeaeeedeeece8eae820f2f0f3e4e0bb2020ece8ede8f1f2e5f0f1f2e2ee20e7e4f0e0e2eeeef5f0e0ede5ede8ff20e820f1eef6e8e0ebfcedeee3ee20f0e0e7e2e8f2e8ff20d0d4205f5f5f5f5f5f0d0acaf3f0f1fb20efeee4e3eef2eee2eae820e2eee4e8f2e5ebe5e920e820e8edf1f2f0f3eaf2eef0eee220eef22030382e30362e3230313220e3eee4e020eef1edeee2fb20eff1e8f5eeebeee3e8e8202ceef1edeee2fb20eff0eef4e5f1f1e8eeede0ebfcedeee920efeee4e3eef2eee2eae82c20eef1edeee2fb20ece5f2eee4e8eae820eff0eee8e7e2eee4f1f2e2e5ededeee3ee20eee1f3f7e5ede8ff20cff0e8f1e2eee5ede020eae2e0ebe8f4e8eae0f6e8ff3a20e2eee4e8f2e5ebfc2de8edf1f2f0f3eaf2eef020393020f7e0f1eee20d0a0d0a);
INSERT INTO `as_persones` (`id`, `code`, `fullname`, `memo`) VALUES (39, '', 'Васин Владимир Викторович', 0xcce0f1f2e5f020eff0eee8e7e2eee4f1f2e2e5ededeee3ee20eee1f3f7e5ede8ff0d0acee1f9e8e920f2f0f3e4eee2eee920f1f2e0e63a20323120e3eee420202c20f1f2e0e620efe5e4e0e3eee3e8f7e5f1eaeee920f0e0e1eef2fb202020202020342020202020ece5f1fff6e00d0acfeee2eeebe6f1eae8e920ece5e6f0e5e3e8eeede0ebfcedfbe920f4e8ebe8e0eb20f4e5e4e5f0e0ebfcedeee3ee20e3eef1f3e4e0f0f1f2e2e5ededeee3ee20e1fee4e6e5f2edeee3ee20f3f7f0e5e6e4e5ede8ff2020abc2f1e5f0eef1f1e8e9f1eae8e920ede0f3f7edee2de8f1f1ebe5e4eee2e0f2e5ebfcf1eae8e920e8edf1f2e8f2f3f220eef5f0e0edfb20e820fdeaeeedeeece8eae820f2f0f3e4e0bb2020ece8ede8f1f2e5f0f1f2e2ee20e7e4f0e0e2eeeef5f0e0ede5ede8ff20e820f1eef6e8e0ebfcedeee3ee20f0e0e7e2e8f2e8ff20d0d4205f5f20caf3f0f1fb20efeee4e3eef2eee2eae820e2eee4e8f2e5ebe5e920e820e8edf1f2f0f3eaf2eef0eee220eef22031332e30392e3230313320e3eee4e020eef1edeee2fb20eff1e8f5eeebeee3e8e8202ceef1edeee2fb20eff0eef4e5f1f1e8eeede0ebfcedeee920efeee4e3eef2eee2eae82c20eef1edeee2fb20ece5f2eee4e8eae820eff0eee8e7e2eee4f1f2e2e5ededeee3ee20eee1f3f7e5ede8ff20cff0e8f1e2eee5ede020eae2e0ebe8f4e8eae0f6e8ff3a20e2eee4e8f2e5ebfc2de8edf1f2f0f3eaf2eef020393020f7e0f1eee220);
INSERT INTO `as_persones` (`id`, `code`, `fullname`, `memo`) VALUES (40, '', 'Черкашин  Андрей Владимирович', 0xcce0f1f2e5f020eff0eee8e7e2eee4f1f2e2e5ededeee3ee20eee1f3f7e5ede8ff0d0acee1f9e8e920f2f0f3e4eee2eee920f1f2e0e63a205f5f5f3520ebe5f220e8203320ece5f1fff6e0205f5f5f5f5f5f5f5f2c20f1f2e0e620efe5e4e0e3eee3e8f7e5f1eaeee920f0e0e1eef2fb2020202020203420202020e3eee4e00d0acee1f0e0e7eee2e0ede8e52020c2fbf1f8e5e52020d1e0f0e0f2eee2f1eae8e920e3eef1f3e4e0f0f1f2e2e5ededfbe920f3ede8e2e5f0f1e8f2e5f220e8ec2e20cd2ec32e20d7e5f0edfbf8e5e2f1eaeee3ee200d0ae3eee420eeeaeeedf7e0ede8ff5f30362e30362e323030380d0acfeee2eeebe6f1eae8e920ece5e6f0e5e3e8eeede0ebfcedfbe920f4e8ebe8e0eb20f4e5e4e5f0e0ebfcedeee3ee20e3eef1f3e4e0f0f1f2e2e5ededeee3ee20e1fee4e6e5f2edeee3ee20f3f7f0e5e6e4e5ede8ff2020abc2f1e5f0eef1f1e8e9f1eae8e920ede0f3f7edee2de8f1f1ebe5e4eee2e0f2e5ebfcf1eae8e920e8edf1f2e8f2f3f220eef5f0e0edfb20e820fdeaeeedeeece8eae820f2f0f3e4e0bb2020ece8ede8f1f2e5f0f1f2e2ee20e7e4f0e0e2eeeef5f0e0ede5ede8ff20e820f1eef6e8e0ebfcedeee3ee20f0e0e7e2e8f2e8ff20d0d4200d0acaf3f0f1fb20efeee4e3eef2eee2eae820e2eee4e8f2e5ebe5e920e820e8edf1f2f0f3eaf2eef0eee220eef22032392e30312e3230303920e3eee4e020eef1edeee2fb20eff1e8f5eeebeee3e8e8202ceef1edeee2fb20eff0eef4e5f1f1e8eeede0ebfcedeee920efeee4e3eef2eee2eae82c20eef1edeee2fb20ece5f2eee4e8eae820eff0eee8e7e2eee4f1f2e2e5ededeee3ee20eee1f3f7e5ede8ff20cff0e8f1e2eee5ede020eae2e0ebe8f4e8eae0f6e8ff3a20e2eee4e8f2e5ebfc2de8edf1f2f0f3eaf2eef020393020f7e0f1eee22c2020e2203230313420e3eee4f30d0a);
INSERT INTO `as_persones` (`id`, `code`, `fullname`, `memo`) VALUES (41, '', 'Логинов Андрей Владимирович', 0xcce0f1f2e5f020eff0eee8e7e2eee4f1f2e2e5ededeee3ee20eee1f3f7e5ede8ff0d0acee1f9e8e920f2f0f3e4eee2eee920f1f2e0e63a203520ebe5f2202c20f1f2e0e620efe5e4e0e3eee3e8f7e5f1eaeee920f0e0e1eef2fb2020202020203420202020e3eee4e00d0acee1f0e0e7eee2e0ede8e52020c2fbf1f8e5e52020d1e0f0e0f2eee2f1eae8e920e3eef1f3e4e0f0f1f2e2e5ededfbe920f3ede8e2e5f0f1e8f2e5f220e8ec2e20cd2ec32e20d7e5f0edfbf8e5e2f1eaeee3ee200d0ae3eee420eeeaeeedf7e0ede8ff5f30352e30362e323030380d0acfeee2eeebe6f1eae8e920ece5e6f0e5e3e8eeede0ebfcedfbe920f4e8ebe8e0eb20f4e5e4e5f0e0ebfcedeee3ee20e3eef1f3e4e0f0f1f2e2e5ededeee3ee20e1fee4e6e5f2edeee3ee20f3f7f0e5e6e4e5ede8ff2020abc2f1e5f0eef1f1e8e9f1eae8e920ede0f3f7edee2de8f1f1ebe5e4eee2e0f2e5ebfcf1eae8e920e8edf1f2e8f2f3f220eef5f0e0edfb20e820fdeaeeedeeece8eae820f2f0f3e4e0bb2020ece8ede8f1f2e5f0f1f2e2ee20e7e4f0e0e2eeeef5f0e0ede5ede8ff20e820f1eef6e8e0ebfcedeee3ee20f0e0e7e2e8f2e8ff20d0d4205f5f5f5f5f5f0d0acaf3f0f1fb20efeee4e3eef2eee2eae820e2eee4e8f2e5ebe5e920e820e8edf1f2f0f3eaf2eef0eee220eef22032392e30312e3230303920e3eee4e020eef1edeee2fb20eff1e8f5eeebeee3e8e8202ceef1edeee2fb20eff0eef4e5f1f1e8eeede0ebfcedeee920efeee4e3eef2eee2eae82c20eef1edeee2fb20ece5f2eee4e8eae820eff0eee8e7e2eee4f1f2e2e5ededeee3ee20eee1f3f7e5ede8ff20cff0e8f1e2eee5ede020eae2e0ebe8f4e8eae0f6e8ff3a20e2eee4e8f2e5ebfc2de8edf1f2f0f3eaf2eef020393020f7e0f1eee22c20e2203230313420e3eee4f30d0a);
INSERT INTO `as_persones` (`id`, `code`, `fullname`, `memo`) VALUES (42, '', 'Огурешин Константин Анатольевич', 0xcce0f1f2e5f020eff0eee8e7e2eee4f1f2e2e5ededeee3ee20eee1f3f7e5ede8ff0d0acee1f9e8e920f2f0f3e4eee2eee920f1f2e0e63a2032342020e3eee4e0202c20f1f2e0e620efe5e4e0e3eee3e8f7e5f1eaeee920f0e0e1eef2fb203520ebe5f22e200d0acee1f0e0e7eee2e0ede8e52020d1f0e5e4ede5e50d0acfeee2eeebe6f1eae8e920ece5e6f0e5e3e8eeede0ebfcedfbe920f4e8ebe8e0eb20f4e5e4e5f0e0ebfcedeee3ee20e3eef1f3e4e0f0f1f2e2e5ededeee3ee20e1fee4e6e5f2edeee3ee20f3f7f0e5e6e4e5ede8ff2020abc2f1e5f0eef1f1e8e9f1eae8e920ede0f3f7edee2de8f1f1ebe5e4eee2e0f2e5ebfcf1eae8e920e8edf1f2e8f2f3f220eef5f0e0edfb20e820fdeaeeedeeece8eae820f2f0f3e4e0bb2020ece8ede8f1f2e5f0f1f2e2ee20e7e4f0e0e2eeeef5f0e0ede5ede8ff20e820f1eef6e8e0ebfcedeee3ee20f0e0e7e2e8f2e8ff20d0d4205f5f5f5f5f5f0d0acaf3f0f1fb20efeee4e3eef2eee2eae820e2eee4e8f2e5ebe5e920e820e8edf1f2f0f3eaf2eef0eee220eef22032352e30322e3230303920e3eee4e020eef1edeee2fb20eff1e8f5eeebeee3e8e8202ceef1edeee2fb20eff0eef4e5f1f1e8eeede0ebfcedeee920efeee4e3eef2eee2eae82c20eef1edeee2fb20ece5f2eee4e8eae820eff0eee8e7e2eee4f1f2e2e5ededeee3ee20eee1f3f7e5ede8ff20cff0e8f1e2eee5ede020eae2e0ebe8f4e8eae0f6e8ff3a20e2eee4e8f2e5ebfc2de8edf1f2f0f3eaf2eef020393020f7e0f1eee22c2020e2203230313420e3eee4f3202020200d0a0d0a2020202020202020);
INSERT INTO `as_persones` (`id`, `code`, `fullname`, `memo`) VALUES (43, '', 'Полушин Сергей Георгиевич', 0xcce0f1f2e5f020eff0eee8e7e2eee4f1f2e2e5ededeee3ee20eee1f3f7e5ede8ff0d0acee1f9e8e920f2f0f3e4eee2eee920f1f2e0e63a20323220e3eee4e0202c20f1f2e0e620efe5e4e0e3eee3e8f7e5f1eaeee920f0e0e1eef2fb203520ebe5f20d0acee1f0e0e7eee2e0ede8e52020c2fbf1f8e5e52020d1e0f0e0f2eee2f1eae8e920eef0e4e5ede020abc7ede0ea20cfeef7e5f2e0bbfdeaeeedeeece8f7e5f1eae8e92020e8edf1f2e8f2f3f2200d0ae3eee420eeeaeeedf7e0ede8ff5f31392e30362e313939310d0acfeee2eeebe6f1eae8e920ece5e6f0e5e3e8eeede0ebfcedfbe920f4e8ebe8e0eb20f4e5e4e5f0e0ebfcedeee3ee20e3eef1f3e4e0f0f1f2e2e5ededeee3ee20e1fee4e6e5f2edeee3ee20f3f7f0e5e6e4e5ede8ff2020abc2f1e5f0eef1f1e8e9f1eae8e920ede0f3f7edee2de8f1f1ebe5e4eee2e0f2e5ebfcf1eae8e920e8edf1f2e8f2f3f220eef5f0e0edfb20e820fdeaeeedeeece8eae820f2f0f3e4e0bb2020ece8ede8f1f2e5f0f1f2e2ee20e7e4f0e0e2eeeef5f0e0ede5ede8ff20e820f1eef6e8e0ebfcedeee3ee20f0e0e7e2e8f2e8ff20d0d4205f5f5f5f5f5f0d0acaf3f0f1fb20efeee4e3eef2eee2eae820e2eee4e8f2e5ebe5e920e820e8edf1f2f0f3eaf2eef0eee220eef22032352e30322e3230303920e3eee4e020eef1edeee2fb20eff1e8f5eeebeee3e8e8202ceef1edeee2fb20eff0eef4e5f1f1e8eeede0ebfcedeee920efeee4e3eef2eee2eae82c20eef1edeee2fb20ece5f2eee4e8eae820eff0eee8e7e2eee4f1f2e2e5ededeee3ee20eee1f3f7e5ede8ff20cff0e8f1e2eee5ede020eae2e0ebe8f4e8eae0f6e8ff3a20e2eee4e8f2e5ebfc2de8edf1f2f0f3eaf2eef020393020f7e0f1eee22c20efebe0ede8f0f3e5f2f1ff20eef7e5f0e5e4edeee52020efeee2fbf8e5ede8e520eae2e0ebe8f4e8eae0f6e8e820e2203230313420e3eee4f30d0a);
INSERT INTO `as_persones` (`id`, `code`, `fullname`, `memo`) VALUES (44, '', 'Васильев Михаил Алексеевич', 0xcce0f1f2e5f020eff0eee8e7e2eee4f1f2e2e5ededeee3ee20eee1f3f7e5ede8ff20cee1f9e8e920f2f0f3e4eee2eee920f1f2e0e63a2032372020ebe5f22c20f1f2e0e620efe5e4e0e3eee3e8f7e5f1eaeee920f0e0e1eef2fb202020202020202020203420202020e3eee4e020cee1f0e0e7eee2e0ede8e52020cfeee2eeebe6f1eae8e920ece5e6f0e5e3e8eeede0ebfcedfbe920f4e8ebe8e0eb20f4e5e4e5f0e0ebfcedeee3ee20e3eef1f3e4e0f0f1f2e2e5ededeee3ee20e1fee4e6e5f2edeee3ee20f3f7f0e5e6e4e5ede8ff2020abc2f1e5f0eef1f1e8e9f1eae8e920ede0f3f7edee2de8f1f1ebe5e4eee2e0f2e5ebfcf1eae8e920e8edf1f2e8f2f3f220eef5f0e0edfb20e820fdeaeeedeeece8eae820f2f0f3e4e0bb2020ece8ede8f1f2e5f0f1f2e2ee20e7e4f0e0e2eeeef5f0e0ede5ede8ff20e820f1eef6e8e0ebfcedeee3ee20f0e0e7e2e8f2e8ff20d0d4205f5f5f5f5f5f0d0acaf3f0f1fb20efeee4e3eef2eee2eae820e2eee4e8f2e5ebe5e920e820e8edf1f2f0f3eaf2eef0eee220eef22032352e30322e3230303920e3eee4e020eef1edeee2fb20eff1e8f5eeebeee3e8e8202ceef1edeee2fb20eff0eef4e5f1f1e8eeede0ebfcedeee920efeee4e3eef2eee2eae82c20eef1edeee2fb20ece5f2eee4e8eae820eff0eee8e7e2eee4f1f2e2e5ededeee3ee20eee1f3f7e5ede8ff20cff0e8f1e2eee5ede020eae2e0ebe8f4e8eae0f6e8ff3a20e2eee4e8f2e5ebfc2de8edf1f2f0f3eaf2eef020393020f7e0f1eee22c20efebe0ede8f0f3e5f2f1ff20eef7e5f0e5e4edeee52020efeee2fbf8e5ede8e520eae2e0ebe8f4e8eae0f6e8e820e2203230313420e3eee4f3202020200d0ac2fbf1f8e5e52028322920d1e0f0e0f2eee2f1eae8e920eef0e4e5ede020d2f0f3e4eee2eee3ee20caf0e0f1edeee3ee20c7ede0ece5ede820efeeebe8f2e5f5ede8f7e5f1eae8e920e8edf1f2e8f2f3f22c20cceef1eaeee2f1eae8e920e3eef1f3e4e0f0f1f2e2e5ededfbe920f3ede8e2e5f0f1e8f2e5f220eaeeecece5f0f6e8e82020e3eee420eeeaeeedf7e0ede8ff5f31342e30362e313938352c2031312e30392e31393938);
INSERT INTO `as_persones` (`id`, `code`, `fullname`, `memo`) VALUES (45, '', 'Аралин Николай Васильевич', 0xcce0f1f2e5f020eff0eee8e7e2eee4f1f2e2e5ededeee3ee20eee1f3f7e5ede8ff0d0acee1f9e8e920f2f0f3e4eee2eee920f1f2e0e63a2032302020ebe5f22c20f1f2e0e620efe5e4e0e3eee3e8f7e5f1eaeee920f0e0e1eef2fb202020202020202020203520ebe5f20d0acee1f0e0e7eee2e0ede8e52020c2fbf1f8e5e520d1e0f0e0f2eee2f1eae8e920efeeebe8f2e5f5ede8f7e5f1eae8e920e8edf1f2e8f2f3f220e3eee420eeeaeeedf7e0ede8ff5f32302e30362e313938330d0acfeee2eeebe6f1eae8e920ece5e6f0e5e3e8eeede0ebfcedfbe920f4e8ebe8e0eb20f4e5e4e5f0e0ebfcedeee3ee20e3eef1f3e4e0f0f1f2e2e5ededeee3ee20e1fee4e6e5f2edeee3ee20f3f7f0e5e6e4e5ede8ff2020abc2f1e5f0eef1f1e8e9f1eae8e920ede0f3f7edee2de8f1f1ebe5e4eee2e0f2e5ebfcf1eae8e920e8edf1f2e8f2f3f220eef5f0e0edfb20e820fdeaeeedeeece8eae820f2f0f3e4e0bb2020ece8ede8f1f2e5f0f1f2e2ee20e7e4f0e0e2eeeef5f0e0ede5ede8ff20e820f1eef6e8e0ebfcedeee3ee20f0e0e7e2e8f2e8ff20d0d40d0acaf3f0f1fb20efeee4e3eef2eee2eae820e2eee4e8f2e5ebe5e920e820e8edf1f2f0f3eaf2eef0eee220eef22032392e30312e3230303920e3eee4e020eef1edeee2fb20eff1e8f5eeebeee3e8e8202ceef1edeee2fb20eff0eef4e5f1f1e8eeede0ebfcedeee920efeee4e3eef2eee2eae82c20eef1edeee2fb20ece5f2eee4e8eae820eff0eee8e7e2eee4f1f2e2e5ededeee3ee20eee1f3f7e5ede8ff2e20cff0e8f1e2eee5ede020eae2e0ebe8f4e8eae0f6e8ff3a20e2eee4e8f2e5ebfc2de8edf1f2f0f3eaf2eef020393020f7e0f1eee22c20eff0e5e4eef1f2e0e2ebe5edee20eff0e0e2ee20eee1f3f7e5ede8fe20e2eee6e4e5ede8fe20e0e2f2eef2f0e0edf1efeef0f2edfbf520f1f0e5e4f1f2e22c202df4e5e2f0e0ebe5203230313420e3eee4e0200d0a);
INSERT INTO `as_persones` (`id`, `code`, `fullname`, `memo`) VALUES (46, '', 'Золотушкин Арон Рувимович', 0xc8f1efeeebede8f2e5ebfcedfbe920c4e8f0e5eaf2eef00d0acee1f9e8e920f2f0f3e4eee2eee920f1f2e0e63a20353320e3eee4e02c20f1f2e0e620efe5e4e0e3eee3e8f7e5f1eaeee920f0e0e1eef2fb20202020202020202020313820ebe5f20d0acee1f0e0e7eee2e0ede8e52020c2fbf1f8e5e52020d1e0f0e0f2eee2f1eae8e920e0e2f2eeeceee1e8ebfcedee2de4eef0eee6edfbe920e8edf1f2e8f2f3f220e3eee420eeeaeeedf7e0ede8ff5f32372e30362e31393630);
INSERT INTO `as_persones` (`id`, `code`, `fullname`, `memo`) VALUES (47, '', 'Золотушкин Андрей Аронович', 0xc3e5ed2e20c4e8f0e5eaf2eef0202ceff0e5efeee4e0e2e0f2e5ebfc20f2e5eef0e8e82c20ece0f1f2e5f020eff0eee8e7e2eee4f1f2e2e5ededeee3ee20eee1f3f7e5ede8ff200d0acee1f9e8e920f2f0f3e4eee2eee920f1f2e0e63a20323720ebe5f22c20f1f2e0e620efe5e4e0e3eee3e8f7e5f1eaeee920f0e0e1eef2fb2020203520ebe5f20d0acee1f0e0e7eee2e0ede8e52020c2fbf1f8e5e52020d2e5f5ede8f7e5f1eaeee520d1c3d32c20c2fbf1f8e5e520ddeaeeedeeece8f7e5f1eaeee52020ccc3d3ca20e3eee420eeeaeeedf7e0ede8ff2032302e30362e313938362c2031312e30362e313939380d0af1efe5f6e8e0ebfcedeef1f2fc20efee20e4e8efebeeecf320c8ede6e5ede5f02dd4e8e7e8ea2c20ddeaeeedeeece8f1f22c20c1f3f5e3e0ebf2e5f0f1eae8e920f3f7e5f220e820e0f3e4e8f220cfeee2eeebe6f1eae8e920ece5e6f0e5e3e8eeede0ebfcedfbe920f4e8ebe8e0eb20f4e5e4e5f0e0ebfcedeee3ee20e3eef1f3e4e0f0f1f2e2e5ededeee3ee20e1fee4e6e5f2edeee3ee20f3f7f0e5e6e4e5ede8ff2020abc2f1e5f0eef1f1e8e9f1eae8e920ede0f3f7edee2de8f1f1ebe5e4eee2e0f2e5ebfcf1eae8e920e8edf1f2e8f2f3f220eef5f0e0edfb20e820fdeaeeedeeece8eae820f2f0f3e4e0bb2020ece8ede8f1f2e5f0f1f2e2ee20e7e4f0e0e2eeeef5f0e0ede5ede8ff20e820f1eef6e8e0ebfcedeee3ee20f0e0e7e2e8f2e8ff20d0d45f5f5f5f5f5f5f5f5f5f5feef22032302e31312e323031325f5f5f5f5f5fe3eee4e02020cfe5e4e0e3eee3e8f7e5f1eae8e520eef1edeee2fb20e4e5fff2e5ebfcedeef1f2e820eff0e5efeee4e0e2e0f2e5ebff20efee20efeee4e3eef2eee2eae820e2eee4e8f2e5ebe5e920e0e2f2eef2f0e0edf1efeef0f2edfbf520f1f0e5e4f1f2e2bb20383420f7e0f1e020caf3f0f1fb20efeee4e3eef2eee2eae820e2eee4e8f2e5ebe5e920e820e8edf1f2f0f3eaf2eef0eee220eef2202030392e31322e3230303820e3eee4e020eef1edeee2fb20eff1e8f5eeebeee3e8e8202ceef1edeee2fb20eff0eef4e5f1f1e8eeede0ebfcedeee920efeee4e3eef2eee2eae82c20eef1edeee2fb20ece5f2eee4e8eae820eff0eee8e7e2eee4f1f2e2e5ededeee3ee20eee1f3f7e5ede8ff20cff0e8f1e2eee5ede020eae2e0ebe8f4e8eae0f6e8ff3a20e2eee4e8f2e5ebfc2de8edf1f2f0f3eaf2eef020393020f7e0f1eee22c2020e2203230313420e3eee4f320);
INSERT INTO `as_persones` (`id`, `code`, `fullname`, `memo`) VALUES (48, '', 'Золотушкина Жанна Андреевна', 0xcff0e5efeee4e0e2e0f2e5ebfc20f2e5eef0e8e82c20cce0f1f2e5f020eff0eee8e7e2eee4f1f2e2e5ededeee3ee20eee1f3f7e5ede8ff200d0acee1f9e8e920f2f0f3e4eee2eee920f1f2e0e63a20313020ebe5f22c20f1f2e0e620efe5e4e0e3eee3e8f7e5f1eaeee920f0e0e1eef2fb202020202020203820ebe5f2200d0acee1f0e0e7eee2e0ede8e52020c2fbf1f8e5e52020def0e8e4e8f7e5f1eaeee52c20c2fbf1f8e5e520f2e5f5ede8f7e5f1eaeee520f3f7e5e1edeee520e7e0e2e5e4e5ede8e520d1c3c0cf2c20d1c3d2d320e3eee420eeeaeeedf7e0ede8ff2032382e30362e323030382c2031342e30362e3230313020cfeee2eeebe6f1eae8e920ece5e6f0e5e3e8eeede0ebfcedfbe920f4e8ebe8e0eb20f4e5e4e5f0e0ebfcedeee3ee20e3eef1f3e4e0f0f1f2e2e5ededeee3ee20e1fee4e6e5f2edeee3ee20f3f7f0e5e6e4e5ede8ff2020abc2f1e5f0eef1f1e8e9f1eae8e920ede0f3f7edee2de8f1f1ebe5e4eee2e0f2e5ebfcf1eae8e920e8edf1f2e8f2f3f220eef5f0e0edfb20e820fdeaeeedeeece8eae820f2f0f3e4e0bb2020ece8ede8f1f2e5f0f1f2e2ee20e7e4f0e0e2eeeef5f0e0ede5ede8ff20e820f1eef6e8e0ebfcedeee3ee20f0e0e7e2e8f2e8ff20d0d420eef22032302e31312e3230313220e3eee4e02020cfe5e4e0e3eee3e8f7e5f1eae8e520eef1edeee2fb20e4e5fff2e5ebfcedeef1f2e820eff0e5efeee4e0e2e0f2e5ebff20efee20efeee4e3eef2eee2eae820e2eee4e8f2e5ebe5e920e0e2f2eef2f0e0edf1efeef0f2edfbf520f1f0e5e4f1f2e2bb20383420f7e0f1e0205f5f0d0acaf3f0f1fb20efeee4e3eef2eee2eae820e2eee4e8f2e5ebe5e920e820e8edf1f2f0f3eaf2eef0eee220eef22030352e30322e3230313020e3eee4e020eef1edeee2fb20eff1e8f5eeebeee3e8e8202ceef1edeee2fb20eff0eef4e5f1f1e8eeede0ebfcedeee920efeee4e3eef2eee2eae82c20eef1edeee2fb20ece5f2eee4e8eae820eff0eee8e7e2eee4f1f2e2e5ededeee3ee20eee1f3f7e5ede8ff20cff0e8f1e2eee5ede020eae2e0ebe8f4e8eae0f6e8ff3a20e2eee4e8f2e5ebfc2de8edf1f2f0f3eaf2eef020393020f7e0f1eee22c20efebe0ede8f0f3e5f2f1ff20eee1f3f7e5ede8e520e2203230313420e3eee4f3200d0a);
INSERT INTO `as_persones` (`id`, `code`, `fullname`, `memo`) VALUES (49, '', 'Золотушкин Виталий Андреевич', 0xcff0e5efeee4e0e2e0f2e5ebfc20f2e5eef0e8e82c20ece0f1f2e5f020eff0eee8e7e2eee4f1f2e2e5ededeee3ee20eee1f3f7e5ede8ff200d0acee1f9e8e920f2f0f3e4eee2eee920f1f2e0e63a203520ebe5f2202c20f1f2e0e620efe5e4e0e3eee3e8f7e5f1eaeee920f0e0e1eef2fb203120e3eee40d0acee1f0e0e7eee2e0ede8e520c2fbf1f8e5e520cee1f0e0e7eee2e0ede8e520d0ddd320e8ec2e20c32ec22e20cfebe5f5e0edeee2e00d0acfeee2eeebe6f1eae8e920ece5e6f0e5e3e8eeede0ebfcedfbe920f4e8ebe8e0eb20f4e5e4e5f0e0ebfcedeee3ee20e3eef1f3e4e0f0f1f2e2e5ededeee3ee20e1fee4e6e5f2edeee3ee20f3f7f0e5e6e4e5ede8ff2020abc2f1e5f0eef1f1e8e9f1eae8e920ede0f3f7edee2de8f1f1ebe5e4eee2e0f2e5ebfcf1eae8e920e8edf1f2e8f2f3f220eef5f0e0edfb20e820fdeaeeedeeece8eae820f2f0f3e4e0bb2020ece8ede8f1f2e5f0f1f2e2ee20e7e4f0e0e2eeeef5f0e0ede5ede8ff20e820f1eef6e8e0ebfcedeee3ee20f0e0e7e2e8f2e8ff20d0d45f5f5f5f5f5f5f5f5f5f5feef22032302e31312e323031325f5f5f5f5f5fe3eee4e02020cfe5e4e0e3eee3e8f7e5f1eae8e520eef1edeee2fb20e4e5fff2e5ebfcedeef1f2e820eff0e5efeee4e0e2e0f2e5ebff20efee20efeee4e3eef2eee2eae820e2eee4e8f2e5ebe5e920e0e2f2eef2f0e0edf1efeef0f2edfbf520f1f0e5e4f1f2e2bb20383420f7e0f1e0205f5f0d0acaf3f0f1fb20efeee4e3eef2eee2eae820e2eee4e8f2e5ebe5e920e820e8edf1f2f0f3eaf2eef0eee220eef22030382e30342e3230313320e3eee4e020eef1edeee2fb20eff1e8f5eeebeee3e8e8202ceef1edeee2fb20eff0eef4e5f1f1e8eeede0ebfcedeee920efeee4e3eef2eee2eae82c20eef1edeee2fb20ece5f2eee4e8eae820eff0eee8e7e2eee4f1f2e2e5ededeee3ee20eee1f3f7e5ede8ff20cff0e8f1e2eee5ede020eae2e0ebe8f4e8eae0f6e8ff3a20e2eee4e8f2e5ebfc2de8edf1f2f0f3eaf2eef020393020f7e0f1eee2200d0a);
INSERT INTO `as_persones` (`id`, `code`, `fullname`, `memo`) VALUES (50, '', 'Овчинская Татьяна Анатольевна', 0xcce0f1f2e5f020eff0eee8e7e2eee4f1f2e2e5ededeee3ee20eee1f3f7e5ede8ff200d0acee1f9e8e920f2f0f3e4eee2eee920f1f2e0e63a20333120e3eee42c20f1f2e0e620efe5e4e0e3eee3e8f7e5f1eaeee920f0e0e1eef2fb203420e3eee4e020200d0aeee1f0e0e7eee2e0ede8e520c2fbf1f8e5e520d1ddc820e3eee420eeeaeeedf7e0ede8ff2032342e30362e3139383220cfeee2eeebe6f1eae8e920ece5e6f0e5e3e8eeede0ebfcedfbe920f4e8ebe8e0eb20f4e5e4e5f0e0ebfcedeee3ee20e3eef1f3e4e0f0f1f2e2e5ededeee3ee20e1fee4e6e5f2edeee3ee20f3f7f0e5e6e4e5ede8ff2020abc2f1e5f0eef1f1e8e9f1eae8e920ede0f3f7edee2de8f1f1ebe5e4eee2e0f2e5ebfcf1eae8e920e8edf1f2e8f2f3f220eef5f0e0edfb20e820fdeaeeedeeece8eae820f2f0f3e4e0bb2020ece8ede8f1f2e5f0f1f2e2ee20e7e4f0e0e2eeeef5f0e0ede5ede8ff20e820f1eef6e8e0ebfcedeee3ee20f0e0e7e2e8f2e8ff20d0d420caf3f0f1fb20efeee4e3eef2eee2eae820e2eee4e8f2e5ebe5e920e820e8edf1f2f0f3eaf2eef0eee220eef22032352e30322e3230303920e3eee4e028e220efebe0ede520ede020eaf3f0f1fb20efeee2fbf8e5ede8ff20eae2e0ebe8f4e8eae0f6e8e820ede020f4e5e2f0e0ebfc2dece0f0f2203230313420e3eee4e02920eef1edeee2fb20eff1e8f5eeebeee3e8e8202ceef1edeee2fb20eff0eef4e5f1f1e8eeede0ebfcedeee920efeee4e3eef2eee2eae82c20eef1edeee2fb20ece5f2eee4e8eae820eff0eee8e7e2eee4f1f2e2e5ededeee3ee20eee1f3f7e5ede8ff20cff0e8f1e2eee5ede020eae2e0ebe8f4e8eae0f6e8ff3a20e2eee4e8f2e5ebfc2de8edf1f2f0f3eaf2eef02c383420f7e0f1eee22c20efeef1ebe520eeeaeeedf7e0ede8ff20eff0e5e4eef1f2e0e2ebffe5f2f1ff20eff0e0e2ee20eee1f3f7e5ede8ff20e2eee6e4e5ede8fe20e0e2f2eef2f0e0edf1efeef0f2edfbf520f1f0e5e4f1f2e2);

# --------------------------------------------------------

#
# Структура таблицы `as_price`
#

CREATE TABLE `as_price` (
  `id` int(11) NOT NULL auto_increment,
  `memo` blob NOT NULL,
  PRIMARY KEY  (`id`)
) ENGINE=MyISAM DEFAULT CHARSET=cp1251 AUTO_INCREMENT=2 ;

#
# Дамп данных таблицы `as_price`
#

INSERT INTO `as_price` (`id`, `memo`) VALUES (1, 0x3c7370616e207374796c653d22666f6e742d73697a653a2032347074223e3c7370616e207374796c653d22666f6e742d73697a653a2031387074223e3c7370616e207374796c653d22636f6c6f723a2023333263643332223e3c753e3c656d3ed3e4e0f7e820ede020e4eef0eee3e0f5213c2f656d3e3c2f753e3c2f7370616e3e3c2f7370616e3e3c2f7370616e3e3c2f7370616e3e3c2f7370616e3e3c2f7370616e3e3c2f703e3c703e3c7370616e207374796c653d27666f6e742d66616d696c793a20224d6f6465726e22273e3c7370616e207374796c653d22666f6e742d73697a653a2032347074223e3c7370616e207374796c653d27666f6e742d66616d696c793a2022536d616c6c20466f6e747322273e3c7370616e207374796c653d22666f6e742d73697a653a2032347074223e3c7370616e207374796c653d22666f6e742d73697a653a2031387074223e3c7370616e207374796c653d22636f6c6f723a2023333263643332223e3c753e3c666f6e7420636f6c6f723d2223666636333437223e200d0ad2ced0cecfc8d2c5d1dc2021212120c4eee1eef020e220efeef1ebe5e4ede8e520e3f0f3efeffb20efee20f1f2e0f0eee920eff0eee3f0e0ecece521212120f1f2eee8eceef1f2fc20eee1f3f7e5ede8ff20efeeeae02020313420f2fbf1fff7202035303020f0f3e1ebe5e920e4ebff20e2f1e5f52121213c2f666f6e743e3c62723e3c2f753e3c2f7370616e3e3c2f7370616e3e3c2f7370616e3e3c2f7370616e3e3c2f7370616e3e3c2f7370616e3e3c2f703e3c703e3c7370616e207374796c653d27666f6e742d66616d696c793a20224d6f6465726e22273e3c7370616e207374796c653d22666f6e742d73697a653a2032347074223e3c7370616e207374796c653d27666f6e742d66616d696c793a2022536d616c6c20466f6e747322273e3c7370616e207374796c653d22666f6e742d73697a653a2032347074223e3c7370616e207374796c653d22666f6e742d73697a653a2031387074223e3c7370616e207374796c653d22636f6c6f723a2023333263643332223e3c753e3c62723e3c2f753e3c2f7370616e3e3c2f7370616e3e3c2f7370616e3e3c2f7370616e3e3c2f7370616e3e3c2f7370616e3e3c2f703e0d0ad6c5cddb20cfcecac020cdc520cfcec2dbd8c0c5cc2c20c6c4c5cc20c2c0d1210d0a203c2f703e3c703e3c62723e3c2f703e3c703e3c7370616e207374796c653d22666f6e742d73697a653a2031347074223e3c666f6e7420666163653d2254696d6573204e657720526f6d616e223e3c7370616e207374796c653d226261636b67726f756e642d636f6c6f723a20233837636566613b223ed1f2eee8eceef1f2fc20eee1f3f7e5ede8ff20e2eee4e8f2e5ebe5e920eae0f2e5e3eef0e8e8202022c2222020f3eae0e7e0ede020e2ece5f1f2e520f1ee20f1f2eee8eceef1f2fcfe20e1e5ede7e8ede02e203c2f703e3c703e20c4d0d3c3c8d520c4cecfcbc0d220cdc5d221212120ceefebe0f2e020e7e0ffe2ebe5ede8e920e220c3c8c1c4c420e7e020ede0f820f1f7e5f2212121213c2f703e3c703e0d0a20d1f2eee8eceef1f2fc20eee1f3f7e5ede8ff20e2eee4e8f2e5ebe5e920eae0f2e5e3eef0e8e82022c022f1eef1f2e0e2ebffe5f220313130303020f0f3e1ebe5e92e200d0ac4ebff20f1f2f3e4e5edf2eee220202d20202035303020f0f3e1ebe5e92e20c4c5c9d1d2c2d3ded22020cfd0c5c4dadfc2c8d2c5cbdfcc20cac0cbc5cdc4c0d0c5c920e820c2c8c7c8d2ceca3c2f7370616e3e3c2f666f6e743e3c2f7370616e3e3c2f703e3c703e3c7370616e207374796c653d22636f6c6f723a2023333263643332223e3c7370616e207374796c653d22666f6e742d73697a653a20313870743b20636f6c6f723a2023333263643332223e0d0ace20ede0f7e0ebe520e7e0edfff2e8e920e3f0f3efef2020ede020eae0f2e5e3eef0e8e82020c02c20d12c20442c20f3f2eef7edffe9f2e520efee200d0a3c2f7370616e3e3c2f666f6e743e3c2f7370616e3e3c2f703e3c703e3c7370616e207374796c653d22636f6c6f723a2023333263643332223e3c7370616e207374796c653d22666f6e742d73697a653a20313870743b20636f6c6f723a2023333263643332223ecde0f7e0ebee20e7e0edfff2e8e920eae0f2e5e3eef0e8e820c20d0a20202020202020202020202020202020202020202020202020202020202020202020202020202020202020202020202020202020202020202020202020);

# --------------------------------------------------------

#
# Структура таблицы `as_rasp`
#

CREATE TABLE `as_rasp` (
  `id` int(11) NOT NULL auto_increment,
  `class` int(11) default NULL,
  `group` varchar(15) default NULL,
  `dt_begin_edu` datetime default '0000-00-00 00:00:00',
  `dt_exam_class` time default '00:00:00',
  `dt_exam_gibdd` time default '00:00:00',
  `memo` blob,
  PRIMARY KEY  (`id`)
) ENGINE=MyISAM DEFAULT CHARSET=cp1251 COMMENT='Расписание занятий' AUTO_INCREMENT=69 ;

#
# Дамп данных таблицы `as_rasp`
#

INSERT INTO `as_rasp` (`id`, `class`, `group`, `dt_begin_edu`, `dt_exam_class`, `dt_exam_gibdd`, `memo`) VALUES (67, 4, '', '2014-08-01 00:00:00', '18:00:00', '00:00:00', 0xd1e2eee1eee4edee203920ece5f1f220c4eee1eef020e4ee2030352e30392e32303134);
INSERT INTO `as_rasp` (`id`, `class`, `group`, `dt_begin_edu`, `dt_exam_class`, `dt_exam_gibdd`, `memo`) VALUES (61, 2, '', '2014-08-01 00:00:00', '18:00:00', '00:00:00', 0xd1e2eee1eee4edee203820ece5f1f22e20c4eee1eef020e4ee2030352e30392e32303134);
INSERT INTO `as_rasp` (`id`, `class`, `group`, `dt_begin_edu`, `dt_exam_class`, `dt_exam_gibdd`, `memo`) VALUES (63, 4, '', '2014-08-05 00:00:00', '19:30:00', '00:00:00', 0xd1e2eee1eee4edee20313520ece5f1f220c4eee1eef020e4ee2030352e30392e32303134);
INSERT INTO `as_rasp` (`id`, `class`, `group`, `dt_begin_edu`, `dt_exam_class`, `dt_exam_gibdd`, `memo`) VALUES (65, 3, '', '2014-08-01 00:00:00', '18:00:00', '00:00:00', 0xd1e2eee1eee4edee203820ece5f1f220c4eee1eef020e4ee2030352e30392e32303134);
INSERT INTO `as_rasp` (`id`, `class`, `group`, `dt_begin_edu`, `dt_exam_class`, `dt_exam_gibdd`, `memo`) VALUES (47, 3, '', '2014-08-05 00:00:00', '18:00:00', '00:00:00', 0xd1e2eee1eee4edee20313520ece5f1f220c4eee1eef020e4ee2030352e30392e32303134);
INSERT INTO `as_rasp` (`id`, `class`, `group`, `dt_begin_edu`, `dt_exam_class`, `dt_exam_gibdd`, `memo`) VALUES (50, 2, '', '2014-08-05 00:00:00', '08:00:00', '00:00:00', 0xd1e2eee1eee4edee20313520ece5f1f220c4eee1eef020e4ee2030352e30392e32303134);
INSERT INTO `as_rasp` (`id`, `class`, `group`, `dt_begin_edu`, `dt_exam_class`, `dt_exam_gibdd`, `memo`) VALUES (60, 1, '', '2014-08-01 00:00:00', '17:00:00', '00:00:00', 0xd1e2eee1eee4edee20313620ece5f1f220c4eee1eef020e4ee20352e30392e32303134);
INSERT INTO `as_rasp` (`id`, `class`, `group`, `dt_begin_edu`, `dt_exam_class`, `dt_exam_gibdd`, `memo`) VALUES (68, 1, '', '2014-08-05 00:00:00', '17:00:00', '00:00:00', 0xd1e2eee1eee4edee20313520ece5f1f220c4eee1ebf020e4ee20352e30392e32303134);
    